Animal ID,Type,Animal Name,Breed,Outgoing Date,Outgoing Status,Source,Source Date,Passed for Rehoming,Date Spay/Neutered,Days In Care,Surrender Reason,Primary Euthanasia Reason
110066,Dog,Logan,Beagle,10/01/2017,Reclaimed,Stray,09/30/2017,,,1,,
110069,Dog,Argon,Pit Bull,10/01/2017,Reclaimed,Stray,09/30/2017,,,1,,
110070,Dog,Frank,Pit Bull,10/01/2017,Reclaimed,Stray,09/30/2017,,,1,,
109495,Dog,Scout,Beagle,10/01/2017,Adopted,Returns,09/29/2017,Yes,09/20/2017,2,,
109861,Dog,Isabella,Boxer,10/01/2017,Adopted,ACO Impound,09/24/2017,Yes,09/29/2017,7,,
110094,Dog,Loki,Labrador,10/01/2017,Reclaimed,Stray,10/01/2017,,,0,,
110079,Dog,Baby Girl,Pit Bull,10/01/2017,Reclaimed,ACO Impound,09/30/2017,,,1,,
109855,Puppy,Itsy,Italian Greyhound,10/01/2017,Adopted,Stray,09/23/2017,Yes,09/29/2017,8,,
109856,Puppy,Bitsy,Italian Greyhound,10/01/2017,Adopted,Stray,09/23/2017,Yes,09/29/2017,8,,
110084,Puppy,Buju,Cane Corso,10/01/2017,Reclaimed,ACO Impound,09/30/2017,,,1,,
110100,Dog,Toby,Labrador,10/01/2017,Euthanized,Euthanasia Request,10/01/2017,,,0,,Owner request -1
110099,Dog,Chi Chi,Chihuahua,10/01/2017,Euthanized,Euthanasia Request,10/01/2017,,,0,,Owner request -1
41576,Dog,Freddy,Shih Tzu,10/01/2017,Transfer Out,ACO Impound,09/26/2017,Yes,03/13/2013,5,,
109712,Dog,Cheryl,Small Terrier Mix,10/01/2017,Transfer Out,Stray,09/19/2017,,,12,,
105027,Dog,Monica,Pit Bull,10/01/2017,Adopted,Returns,09/05/2017,Yes,05/24/2017,26,MOVING,
110056,Dog,Girlfriend,Pit Bull,10/01/2017,Reclaimed,ACO Impound,09/29/2017,,,2,,
109827,Dog,Velma,Pit Bull,10/01/2017,Adopted,ACO Impound,09/22/2017,Yes,09/27/2017,9,,
107468,Dog,Farcien,Norfolk Terrier,10/01/2017,Adopted,Stray,07/21/2017,Yes,07/26/2017,72,,
110098,Dog,Boss,Large Mix Breed,10/01/2017,Reclaimed,Stray,10/01/2017,,,0,,
107688,Dog,Paisley,Chihuahua,10/01/2017,Adopted,ACO Impound,07/27/2017,,08/17/2017,66,,
110104,Dog,Sugar,Pit Bull,10/01/2017,Euthanized,Euthanasia Request,10/01/2017,,,0,,Owner request -1
109424,Dog,Conrad,Pit Bull,10/01/2017,Adopted,Stray,09/10/2017,Yes,09/15/2017,21,,
109786,Puppy,Keno,Pit Bull,10/01/2017,Adopted,ACO Impound,09/21/2017,Yes,09/27/2017,10,,
109164,Dog,Arthur,Jack Russell Terrier,10/01/2017,Adopted,Returns,09/22/2017,Yes,09/08/2017,9,,History of biting-6
110008,Dog,,Mini Pinscher,10/01/2017,Euthanized,ACO Impound,09/28/2017,,,3,,Failure to pass medical
40866,Dog,Boss - Go Slow,Sharpei,10/01/2017,Euthanized,ACO Impound,09/13/2017,Rescue,,18,,Failure to pass behavior
109960,Dog,Matthias,Pit Bull,10/01/2017,Euthanized,Stray,09/27/2017,,,4,,Failure to pass medical
110014,Dog,Garfunkle,Shepherd,10/01/2017,Euthanized,Stray,09/28/2017,Rescue,,3,,Untreatable Terminal Injury-
110110,Dog,,Pit Bull,10/01/2017,Euthanized,Stray,10/01/2017,,,0,,Untreatable Terminal Illness-
109991,Dog,Emmit - Rescue Committed,Pit Bull,10/02/2017,Transfer Out,ACO Impound,09/28/2017,,,4,,
110109,Dog,Bella,Bichon Frise,10/02/2017,Reclaimed,Stray,10/01/2017,,,1,,
104719,Dog,Daphne- Rescue Committed,Pit Bull,10/02/2017,Transfer Out,ACO Impound,09/08/2017,Rescue,09/21/2016,24,,
108798,Dog,Britney,Pit Bull,10/02/2017,Adopted,ACO Impound,08/24/2017,Yes,08/28/2017,39,,
108583,Dog,Brinks,Large Mix Breed,10/02/2017,Adopted,Stray,08/19/2017,Yes,08/24/2017,44,,
109727,Dog,Shakira,Medium Mix Breed,10/02/2017,Adopted,Owner Surrender,09/19/2017,Yes,09/25/2017,13,Homeless,
107717,Puppy,Pinky,Medium Mix Breed,10/02/2017,Adopted,ACO Impound,07/28/2017,,08/24/2017,66,,
110127,Dog,Frankie,Chihuahua,10/02/2017,Reclaimed,Stray,10/02/2017,,,0,,
109023,Puppy,Dexter,Large Mix Breed,10/02/2017,Adopted,Returns,09/09/2017,,09/05/2017,23,,
109660,Dog,Ellie,Boxer,10/02/2017,Reclaimed,ACO Impound,10/01/2017,,,1,,
109785,Dog,Justin- Rescue Committed,German Shepherd,10/02/2017,Transfer Out,Stray,09/21/2017,Yes,09/27/2017,11,,
109753,Dog,Olivia,Medium Mix Breed,10/02/2017,Adopted,ACO Impound,09/20/2017,Yes,09/27/2017,12,,
109462,Dog,Bertram,Medium Mix Breed,10/02/2017,Adopted,Stray,09/11/2017,Yes,09/18/2017,21,,
108296,Dog,Gallagher,American Bulldog,10/02/2017,Adopted,Stray,08/12/2017,Yes,,51,,
37289,Dog,Rocky,Mini Pinscher,10/02/2017,Adopted,Returns,09/26/2017,Yes,12/17/2012,6,,
109692,Dog,Courage -Rescue Committed,Pit Bull,10/02/2017,Transfer Out,ACO Impound,09/19/2017,Yes,,13,,
91204,Dog,Pumpkin,Shih Tzu,10/02/2017,Seized Release,ACO Impound,10/02/2017,Yes,,0,No time for animal,
111500,Dog,Raksha,Large Mix Breed,10/02/2017,Reclaimed,ACO Impound,09/30/2017,,02/08/2017,2,,
84918,Dog,Rosie,Medium Mix Breed,10/02/2017,Seized Release,ACO Impound,10/02/2017,,11/25/2015,0,,
107873,Dog,Celina,Pit Bull,10/02/2017,Adopted,Returns,09/12/2017,Yes,08/07/2017,20,,
110137,Dog,Pajah,Cane Corso,10/02/2017,Seized Release,ACO Impound,10/02/2017,,,0,,
65337,Dog,Lady,Pit Bull,10/02/2017,Euthanized,Euthanasia Request,09/29/2017,,,3,Biter,Rabies Testing-8
110135,Dog,Muffin,Medium Mix Breed,10/02/2017,Euthanized,Euthanasia Request,10/02/2017,,,0,,Owner request -1
110151,Dog,Bubba,Small Mix Breed,10/02/2017,Euthanized,ACO Impound,10/02/2017,,,0,,Untreatable Terminal Injury-
109926,Dog,Ozzy,Large Mix Breed,10/03/2017,Adopted,ACO Impound,09/26/2017,Yes,10/02/2017,7,,
110027,Puppy,Lovey,Large Mix Breed,10/03/2017,Adopted,ACO Impound,09/28/2017,,10/02/2017,5,,
110129,Dog,Bear,Terrier,10/03/2017,Reclaimed,ACO Impound,10/02/2017,,,1,,
110146,Dog,Rudy,Medium Mix Breed,10/03/2017,Reclaimed,Stray,10/02/2017,,,1,,
111760,Dog,Rocky,Pit Bull,10/03/2017,Reclaimed,ACO Impound,09/29/2017,Yes,09/24/2014,4,,
109648,Dog,Vinnie,Jack Russell Terrier,10/03/2017,Adopted,Returns,10/02/2017,Yes,09/22/2017,1,Homeless,
110028,Puppy,Dovey,Large Mix Breed,10/03/2017,Adopted,ACO Impound,09/28/2017,,10/02/2017,5,,
109839,Dog,Nyla,Pit Bull,10/03/2017,Adopted,ACO Impound,09/23/2017,Yes,10/02/2017,10,,
109942,Dog,Ambrosia,Medium Mix Breed,10/03/2017,Adopted,ACO Impound,09/26/2017,Yes,10/02/2017,7,,
109860,Dog,Sienna -Rescue Committed,Medium Mix Breed,10/03/2017,Transfer Out,ACO Impound,09/24/2017,,,9,,
56001,Dog,Fix Sky,Siberian Husky,10/03/2017,Euthanized,Euthanasia Request,10/03/2017,,01/08/2014,0,Health of the animal -,Owner request -1
109994,Puppy,Fats,Rottweiler,10/03/2017,Adopted,ACO Impound,09/28/2017,Yes,10/02/2017,5,,
109952,Dog,Hans,Pit Bull,10/03/2017,Reclaimed,ACO Impound,09/27/2017,Yes,10/02/2017,6,,
109771,Dog,Rosie,Staffordshire Bull Terrier,10/03/2017,Adopted,Owner Surrender,09/20/2017,Yes,09/27/2017,13,Homeless,
109946,Puppy,Diamond,Pit Bull,10/03/2017,Adopted,ACO Impound,09/26/2017,Yes,10/02/2017,7,,
110011,Dog,Skyla,Labrador,10/03/2017,Euthanized,Stray,09/28/2017,Yes,,5,,Aggressive towards people-
110061,Dog,Behave Check,Pit Bull,10/03/2017,Euthanized,ACO Impound,09/30/2017,,,3,,Aggressive towards people-
,,,,,,,,,,,,
109932,Puppy,Sequoia,Large Mix Breed,10/04/2017,Adopted,Stray,09/26/2017,,10/02/2017,8,,
110177,Puppy,Bailey,Small Mix Breed,10/04/2017,Reclaimed,ACO Impound,10/03/2017,,,1,,
110153,Dog,Sunny,Pomeranian,10/04/2017,Reclaimed,ACO Impound,10/03/2017,,,1,,
109486,Dog,Ned,Large Mix Breed,10/04/2017,Adopted,ACO Impound,09/12/2017,Yes,,22,,
109959,Puppy,Jewel,Large Mix Breed,10/04/2017,Transfer Out,ACO Impound,09/27/2017,,,7,,
97234,Dog,Alex,Small Mix Breed,10/04/2017,Adopted,Returns,09/27/2017,Yes,10/21/2016,7,,
59401,Dog,Buster,Boston Terrier,10/04/2017,Reclaimed,ACO Impound,10/02/2017,,,2,,
110020,Dog,Karen,German Shepherd,10/04/2017,Adopted,ACO Impound,09/28/2017,Yes,10/02/2017,6,,
110074,Puppy,Rescue Committed,Large Mix Breed,10/04/2017,Transfer Out,Stray,09/30/2017,,,4,,
110075,Puppy,Rescue Committed,Large Mix Breed,10/04/2017,Transfer Out,Stray,09/30/2017,,,4,,
95596,Dog,Deisel,Medium Mix Breed,10/04/2017,Reclaimed,ACO Impound,10/03/2017,Yes,09/06/2016,1,,
109987,Puppy,Piper,Small Mix Breed,10/04/2017,Adopted,ACO Impound,09/27/2017,Yes,10/02/2017,7,,
110194,Dog,Willie,Boxer,10/04/2017,Reclaimed,ACO Impound,10/04/2017,,,0,,
91254,Dog,Anna,Australian Shepherd,10/04/2017,Reclaimed,ACO Impound,10/04/2017,Yes,,0,Health of the caretaker -,
80725,Dog,Gomez,Labrador,10/04/2017,Adopted,Returns,09/27/2017,Yes,08/11/2015,7,,
110053,Dog,Rescue Committed,Shih Tzu,10/04/2017,Transfer Out,ACO Impound,09/29/2017,,,5,,
110064,Puppy,Rescue Committed - Go Slow,Small Mix Breed,10/04/2017,Transfer Out,Stray,09/30/2017,,10/04/2017,4,,
109474,Dog,Robby,Pit Bull,10/04/2017,Adopted,ACO Impound,09/11/2017,Yes,09/18/2017,23,,
109318,Dog,Marcus,Pit Bull,10/04/2017,Adopted,ACO Impound,09/06/2017,Yes,09/13/2017,28,,Rabies Testing-8
110155,Dog,Trixie,Small Terrier Mix,10/04/2017,Reclaimed,ACO Impound,10/03/2017,,,1,,
110002,Dog,Alden,Large Mix Breed,10/04/2017,Adopted,Stray,09/28/2017,Yes,10/02/2017,6,,
110226,Dog,Sandy,Medium Mix Breed,10/04/2017,Seized Release,ACO Impound,10/04/2017,,,0,,
110224,Dog,Murphy,"Dachshund, Long-haired",10/04/2017,Seized Release,ACO Impound,10/04/2017,,,0,,
110205,Dog,Destiny,Chihuahua,10/05/2017,Reclaimed,ACO Impound,10/04/2017,,,1,,
110049,Puppy,Onyx,Labrador Retriever,10/05/2017,Adopted,ACO Impound,09/29/2017,,10/04/2017,6,,
110038,Puppy,Kora,Akita,10/05/2017,Adopted,ACO Impound,09/29/2017,Yes,10/04/2017,6,,
110221,Dog,Frasier,Beagle,10/05/2017,Reclaimed,Stray,10/04/2017,,,1,,
110193,Dog,Zeus,Siberian Husky,10/05/2017,Reclaimed,ACO Impound,10/03/2017,,,2,,
109972,Dog,Bella - Must Be Pulled By 10/05,Large Mix Breed,10/05/2017,Reclaimed,ACO Impound,09/27/2017,Rescue,,8,,
110031,Dog,Fern,Medium Mix Breed,10/05/2017,Adopted,ACO Impound,09/29/2017,Yes,10/04/2017,6,,
110244,Puppy,,Labrador,10/05/2017,Euthanized,ACO Impound,10/05/2017,,,0,,Untreatable Terminal Injury-
110246,Dog,Kitara,Golden Retriever,10/05/2017,Seized Release,ACO Impound,10/05/2017,,,0,,
110247,Dog,Lexi,Beagle,10/05/2017,Seized Release,ACO Impound,10/05/2017,,,0,,
110162,Puppy,Diamond,Pit Bull,10/05/2017,Reclaimed,Stray,10/03/2017,,,2,,
110163,Puppy,Loyalty,Pit Bull,10/05/2017,Reclaimed,Stray,10/03/2017,,,2,,
42149,Dog,Oreo/rescue Committed,Boston Terrier,10/05/2017,Transfer Out,ACO Impound,09/26/2017,,,9,,
110239,Puppy,Mario,Pit Bull,10/05/2017,Reclaimed,ACO Impound,10/05/2017,,,0,,
109469,Dog,Kala,Pit Bull,10/05/2017,Euthanized,ACO Impound,09/11/2017,Yes,09/18/2017,24,,Aggressive towards
53562,Dog,Fix Blue,Siberian Husky,10/05/2017,Euthanized,Euthanasia Request,10/04/2017,,11/08/2013,1,Biter,Owner request -1
110229,Dog,,English Bulldog,10/05/2017,Euthanized,ACO Impound,10/05/2017,,,0,,Untreatable Terminal Injury-
109657,Dog,Tiny - Use Caution,Pit Bull,10/05/2017,Euthanized,Owner Surrender,09/18/2017,Yes,09/25/2017,17,,Aggressive towards people-
110254,Dog,Chance,Boxer,10/05/2017,Euthanized,Euthanasia Request,10/05/2017,,,0,Advanced Age,Owner request -1
110255,Dog,optimus,Pit Bull,10/05/2017,Euthanized,Euthanasia Request,10/05/2017,,,0,,Owner request -1
110256,Dog,Miley,Large Mix Breed,10/06/2017,Reclaimed,Stray,10/05/2017,,,1,,
110258,Dog,Ziva,Labrador,10/06/2017,Reclaimed,ACO Impound,10/05/2017,,,1,,
110268,Dog,Spots,Shih Tzu,10/06/2017,Euthanized,Euthanasia Request,10/06/2017,,,0,,Owner request -1
110037,Dog,Buckeye,Pug,10/06/2017,Adopted,Stray,09/29/2017,Yes,,7,,
110267,Dog,Choochoo,Shih Tzu,10/06/2017,Euthanized,Euthanasia Request,10/06/2017,,,0,Advanced Age,Owner request -1
87790,Dog,Babygirl- Needs Pulled By 10/06,Medium Mix Breed,10/06/2017,Transfer Out,ACO Impound,09/25/2017,,,11,,Aggressive towards people-
110145,Dog,Rosie - Needs Pulled By 10/06,Small Mix Breed,10/06/2017,Transfer Out,Euthanasia Request,10/02/2017,,,4,,Owner request -1
106128,Dog,Chopper,Pit Bull,10/06/2017,Seized Release,ACO Impound,10/06/2017,Yes,06/26/2017,0,Health of the caretaker -,
110253,Dog,,Small Mix Breed,10/06/2017,Euthanized,ACO Impound,10/05/2017,,,1,,Failure to pass medical
110285,Puppy,,Pit Bull,10/06/2017,Euthanized,Stray,10/06/2017,,,0,,Failure to pass medical
110172,Dog,Harley,German Shepherd,10/06/2017,Reclaimed,Stray,10/03/2017,,01/18/2012,3,,
109906,Dog,Hale,Dachshund,10/06/2017,Adopted,ACO Impound,09/25/2017,Yes,10/02/2017,11,,
110250,Dog,Duke,"Schnauzer, Miniature",10/06/2017,Reclaimed,ACO Impound,10/05/2017,,,1,,
108888,Dog,Fudge,Dogue De Bordeaux,10/06/2017,Adopted,Returns,09/06/2017,Yes,09/01/2017,30,,
109503,Dog,Domino,Medium Mix Breed,10/06/2017,Adopted,Stray,09/12/2017,Behaviour,09/18/2017,24,,
110259,Dog,Kilo,Pit Bull,10/06/2017,Reclaimed,ACO Impound,10/06/2017,,,0,,
109835,Dog,,Medium Mix Breed,10/06/2017,Euthanized,ACO Impound,09/23/2017,,,13,,History of biting-6
110297,Puppy,Pup 5,Pit Bull,10/07/2017,Unassisted Death,Shelter Offspring,10/06/2017,,,1,,
110108,Dog,Veronica,Beagle,10/07/2017,Adopted,Stray,10/01/2017,Yes,10/06/2017,6,,
110308,Dog,Buddha,Siberian Husky,10/07/2017,Reclaimed,ACO Impound,10/06/2017,,,1,,
110092,Dog,Vinny,Poodle Miniature,10/07/2017,Adopted,Stray,10/01/2017,Yes,10/06/2017,6,,
110307,Puppy,Luna,Medium Mix Breed,10/07/2017,Reclaimed,ACO Impound,10/06/2017,,,1,,
108987,Dog,Johnny Bravo,Pit Bull,10/07/2017,Adopted,ACO Impound,08/28/2017,Yes,09/05/2017,40,,
110101,Puppy,Athena,Great Dane,10/07/2017,Adopted,Stray,10/01/2017,,10/06/2017,6,,
109944,Dog,Amory,Medium Mix Breed,10/07/2017,Adopted,ACO Impound,09/26/2017,Yes,10/02/2017,11,,
110273,Dog,Conja,Shepherd,10/07/2017,Reclaimed,ACO Impound,10/06/2017,,,1,,
109647,Dog,Iris,Beagle,10/07/2017,Adopted,Owner Surrender,09/17/2017,Yes,,20,Homeless,
110118,Dog,Freckles,Pit Bull,10/07/2017,Adopted,ACO Impound,10/02/2017,Yes,10/06/2017,5,,
56857,Dog,Muffin,Small Mix Breed,10/07/2017,Reclaimed,ACO Impound,10/07/2017,,,0,,
,,,,,,,,,,,,
110132,Puppy,Beans,Blue Heeler,10/07/2017,Adopted,Stray,10/02/2017,,10/06/2017,5,,
110330,Dog,Elvis,Shetland Sheep Dog,10/07/2017,Euthanized,Euthanasia Request,10/07/2017,,,0,,Owner request -1
105254,Dog,Leo,Labrador,10/07/2017,Adopted,Returns,09/28/2017,Yes,05/31/2017,9,,
109787,Dog,Larson,Shepherd,10/07/2017,Transfer Out,ACO Impound,09/21/2017,Yes,10/02/2017,16,,
110105,Dog,Betsy,Staffordshire Bull Terrier,10/07/2017,Adopted,ACO Impound,10/01/2017,Yes,10/06/2017,6,,
110332,Dog,Cholo,Chihuahua,10/07/2017,Seized Release,ACO Impound,10/07/2017,,,0,,
109663,Dog,Karla,Pit Bull,10/07/2017,Adopted,Stray,09/18/2017,Yes,09/22/2017,19,,
110147,Dog,Ritzy,Chihuahua,10/07/2017,Adopted,Stray,10/02/2017,Yes,,5,,
110333,Dog,Lp,Medium Mix Breed,10/07/2017,Euthanized,Euthanasia Request,10/07/2017,,,0,,Owner request -1
103429,Dog,Reuben,Medium Mix Breed,10/07/2017,Adopted,Returns,10/02/2017,Yes,04/10/2017,5,,
110326,Dog,,Shih Tzu,10/07/2017,Seized Release,ACO Impound,10/07/2017,,,0,,
110083,Dog,Bonnie,Australian Cattledog,10/07/2017,Adopted,ACO Impound,09/30/2017,Yes,,7,,
91260,Dog,Gabby,Pit Bull,10/07/2017,Adopted,Returns,08/29/2017,Yes,05/11/2016,39,Destructive tendencies -,
109927,Puppy,Empress,Shepherd,10/07/2017,Adopted,ACO Impound,09/26/2017,Yes,10/06/2017,11,,
110119,Dog,Rocky,Boxer,10/07/2017,Adopted,Stray,10/02/2017,Yes,,5,,
110125,Dog,Lexi,Pit Bull,10/07/2017,Adopted,Stray,10/02/2017,,10/06/2017,5,,
110312,Dog,Grismen Jones,Large Mix Breed,10/07/2017,Reclaimed,ACO Impound,10/07/2017,,,0,,
105041,Dog,Blythe,Pit Bull,10/07/2017,Adopted,Returns,09/25/2017,Yes,05/26/2017,12,,
110336,Dog,Nutmeg,Poodle Miniature,10/07/2017,Reclaimed,Stray,10/07/2017,,,0,,
110342,Dog,Beauty,Labrador,10/07/2017,Euthanized,Euthanasia Request,10/07/2017,,,0,,Owner request -1
108462,Dog,Shadow,Pit Bull,10/07/2017,Euthanized,Euthanasia Request,10/07/2017,,,0,,Owner request -1
110346,Dog,,Pit Bull,10/07/2017,Euthanized,Euthanasia Request,10/07/2017,,,0,Biter,Owner request -1
39129,Dog,Droog,Samoyed,10/08/2017,Transfer Out,ACO Impound,09/29/2017,,,9,,
39130,Dog,Caz,Samoyed,10/08/2017,Transfer Out,ACO Impound,09/29/2017,,,9,,
110350,Dog,Casper,Pit Bull,10/08/2017,Euthanized,Stray,10/08/2017,,,0,,Untreatable Terminal Illness-
109967,Dog,Bosco,Cane Corso,10/08/2017,Seized Release,ACO Impound,10/08/2017,,,0,,
53813,Dog,Chestnut,Border Collie,10/08/2017,Adopted,Owner Surrender,05/16/2017,Yes,,145,Health of the caretaker -,
110148,Dog,Schmitty,Pit Bull,10/08/2017,Adopted,ACO Impound,10/02/2017,Yes,10/06/2017,6,,
107290,Dog,Brynn,Chihuahua,10/08/2017,Adopted,ACO Impound,07/17/2017,Yes,07/31/2017,83,,
108760,Dog,Harper,Small Mix Breed,10/08/2017,Adopted,ACO Impound,08/23/2017,,09/21/2017,46,,
110334,Dog,Charcoal,Labrador,10/08/2017,Reclaimed,ACO Impound,10/07/2017,,,1,,
108815,Puppy,Ellie,Beagle,10/08/2017,Adopted,Stray,08/24/2017,,10/05/2017,45,,Untreatable Terminal Illness-
109146,Puppy,Debo,German Shepherd,10/08/2017,Adopted,Stray,09/01/2017,,09/21/2017,37,,
97487,Dog,Millie,Medium Mix Breed,10/08/2017,Adopted,Stray,10/23/2016,Yes,,350,,
109831,Dog,Charlie,Pit Bull,10/08/2017,Adopted,ACO Impound,09/23/2017,Yes,09/29/2017,15,,
110362,Dog,,Pit Bull,10/08/2017,Euthanized,ACO Impound,10/08/2017,,,0,,Failure to pass medical
110364,Dog,Madison,Corgie,10/08/2017,Euthanized,Euthanasia Request,10/08/2017,,,0,,Owner request -1
110368,Dog,Rusty,Large Mix Breed,10/08/2017,Euthanized,Euthanasia Request,10/08/2017,,,0,,Owner request -1
110143,Dog,Kyle,Boxer,10/08/2017,Transfer Out,Stray,10/02/2017,Behaviour,,6,,
109939,Dog,Amy,Pit Bull,10/08/2017,Adopted,ACO Impound,09/26/2017,Yes,10/02/2017,12,,
110067,Dog,Mags,Beagle,10/08/2017,Adopted,ACO Impound,09/30/2017,Yes,10/04/2017,8,,
110086,Dog,Caramel,Pit Bull,10/08/2017,Adopted,ACO Impound,10/01/2017,Yes,10/06/2017,7,,
110371,Dog,Takoda,Olde English Bulldogge,10/08/2017,Euthanized,Euthanasia Request,10/08/2017,,,0,,Owner request -1
110133,Dog,Terry,Medium Mix Breed,10/08/2017,Adopted,ACO Impound,10/02/2017,Yes,10/06/2017,6,,
105111,Dog,Larry - Rescue Committed,Large Mix Breed,10/08/2017,Transfer Out,Returns,06/08/2017,Yes,05/26/2017,122,,
109805,Dog,Jenna,Pit Bull,10/08/2017,Adopted,ACO Impound,09/22/2017,Yes,09/27/2017,16,,
110149,Puppy,Lizzy,Pit Bull,10/08/2017,Adopted,ACO Impound,10/02/2017,,10/06/2017,6,,
110367,Dog,Sissy,Pit Bull,10/08/2017,Seized Release,ACO Impound,10/08/2017,,,0,,
109940,Puppy,Benz,Large Mix Breed,10/08/2017,Adopted,Stray,09/26/2017,,10/02/2017,12,,
110154,Dog,Xena,Pit Bull,10/08/2017,Reclaimed,ACO Impound,10/03/2017,Yes,,5,,
110291,Puppy,Pup 1,Pit Bull,10/08/2017,Reclaimed,Shelter Offspring,10/06/2017,,,2,,
110292,Puppy,Pup 2,Pit Bull,10/08/2017,Reclaimed,Shelter Offspring,10/06/2017,,,2,,
110294,Puppy,Pup 3,Pit Bull,10/08/2017,Reclaimed,Shelter Offspring,10/06/2017,,,2,,
110296,Puppy,Pup 4,Pit Bull,10/08/2017,Reclaimed,Shelter Offspring,10/06/2017,,,2,,
110374,Puppy,Bentley,Maltese,10/08/2017,Seized Release,ACO Impound,10/08/2017,,,0,,
97051,Dog,Elphie,Medium Mix Breed,10/08/2017,Seized Release,ACO Impound,10/08/2017,,,0,,
110386,Dog,Max,Beagle,10/09/2017,Seized Release,ACO Impound,10/09/2017,,,0,,
110382,Dog,,Yorkshire Terrier,10/09/2017,Euthanized,Stray,10/09/2017,,,0,,Untreatable Terminal Illness-
110381,Dog,,Chow Chow,10/09/2017,Euthanized,Stray,10/09/2017,,,0,,Failure to pass medical
110389,Dog,Daisy,Medium Mix Breed,10/09/2017,Seized Release,ACO Impound,10/09/2017,,,0,,
110392,Dog,Trina,Small Mix Breed,10/10/2017,Reclaimed,Stray,10/09/2017,,,1,,
110378,Dog,Captain,Small Mix Breed,10/10/2017,Reclaimed,ACO Impound,10/09/2017,,,1,,
109364,Dog,Jazzi,Beagle,10/10/2017,Adopted,ACO Impound,09/08/2017,Yes,07/07/2014,32,,
95439,Dog,Cooper,Medium Mix Breed,10/10/2017,Reclaimed,Returns,10/05/2017,Yes,09/06/2016,5,,
109992,Dog,Corwin,Australian Cattledog,10/10/2017,Adopted,ACO Impound,09/28/2017,Yes,10/02/2017,12,,
110396,Dog,Ace,Shih Tzu,10/10/2017,Reclaimed,ACO Impound,10/09/2017,,,1,,
101384,Dog,Lucky,Medium Mix Breed,10/10/2017,Seized Release,ACO Impound,10/09/2017,,,1,,Aggressive towards people-
110414,Dog,,Pit Bull,10/10/2017,Euthanized,ACO Impound,10/10/2017,,,0,,Untreatable Terminal Illness-
109832,Dog,Chandler,Pit Bull,10/10/2017,Adopted,ACO Impound,09/23/2017,Yes,09/29/2017,17,,
108467,Dog,Gracie,Small Terrier Mix,10/10/2017,Adopted,Returns,10/06/2017,Yes,08/23/2017,4,,
109013,Dog,Goose,Beagle,10/10/2017,Adopted,Returns,10/07/2017,Yes,09/05/2017,3,,
109947,Dog,Chasey - Rescue Committed,Bull Terrier,10/10/2017,Transfer Out,Owner Surrender,09/26/2017,Rescue,,14,Not good with resident,
,,,,,,,,,,,,
110398,Dog,Ashley,German Shepherd,10/10/2017,Reclaimed,Stray,10/09/2017,,,1,,
110421,Dog,Buddha,Siberian Husky,10/10/2017,Reclaimed,Stray,10/10/2017,,,0,,
110230,Dog,,French Bulldog,10/10/2017,Transfer Out,ACO Impound,10/05/2017,,,5,,
60836,Dog,Lola,Pekingese,10/10/2017,Adopted,ACO Impound,10/04/2017,Yes,04/28/2014,6,,
110120,Dog,Elma - Rescue Committed,Small Mix Breed,10/10/2017,Transfer Out,ACO Impound,10/02/2017,,,8,,
102781,Dog,Snow White,Pit Bull,10/10/2017,Adopted,Returns,09/15/2017,Yes,03/20/2017,25,,
110045,Dog,Lady,Hound,10/10/2017,Adopted,Stray,09/29/2017,Yes,10/04/2017,11,,
110181,Puppy,Dawn- Rescue Committed,Hound,10/10/2017,Transfer Out,ACO Impound,10/03/2017,,,7,,
104338,Dog,Thor- Rescue Committed,Pit Bull,10/10/2017,Transfer Out,Returns,09/10/2017,Yes,05/03/2017,30,,
110182,Puppy,Dusk- Rescue Committed,Hound,10/10/2017,Transfer Out,ACO Impound,10/03/2017,,,7,,
93105,Dog,Desmond,Medium Mix Breed,10/10/2017,Adopted,Returns,09/19/2017,Yes,06/27/2016,21,No time for animal,
110341,Dog,Jesse,Shih Tzu,10/10/2017,Reclaimed,ACO Impound,10/07/2017,,,3,,
104620,Dog,Juneau,Hound,10/10/2017,Adopted,Returns,09/11/2017,Yes,05/12/2017,29,Aggressive towards other,
110444,Dog,,Yorkshire Terrier,10/10/2017,Euthanized,Euthanasia Request,10/10/2017,,,0,Health of the animal -,Owner request -1
110111,Dog,Zorro,Shiba Inu,10/10/2017,Adopted,ACO Impound,10/01/2017,Yes,10/06/2017,9,,
109385,Dog,Lady,Large Mix Breed,10/10/2017,Adopted,ACO Impound,09/08/2017,Yes,,32,,
110054,Dog,Bentley,Large Mix Breed,10/10/2017,Adopted,Stray,09/29/2017,Yes,10/04/2017,11,,
110260,Dog,Kado,Pit Bull,10/10/2017,Reclaimed,ACO Impound,10/06/2017,Yes,11/20/2017,4,,
110261,Dog,Shai,Pit Bull,10/10/2017,Reclaimed,ACO Impound,10/06/2017,Yes,,4,,
109983,Dog,Otis,Pit Bull,10/10/2017,Adopted,ACO Impound,09/27/2017,Yes,,13,,
110262,Puppy,Patches,Pit Bull,10/10/2017,Reclaimed,ACO Impound,10/06/2017,Yes,,4,,
93604,Dog,Rocco,Siberian Husky,10/10/2017,Euthanized,Euthanasia Request,10/09/2017,,,1,,Owner request -1
108950,Dog,Malibu,Pit Bull,10/10/2017,Euthanized,Euthanasia Request,10/10/2017,,,0,,Owner request -1
110405,Dog,Mac,Medium Mix Breed,10/10/2017,Euthanized,Euthanasia Request,10/10/2017,,,0,,Owner request -1
110417,Dog,Baby Girl,Yorkshire Terrier,10/10/2017,Euthanized,Euthanasia Request,10/10/2017,,,0,,Owner request -1
110282,Dog,Rescue,Yorkshire Terrier,10/11/2017,Transfer Out,Stray,10/06/2017,,,5,,
110335,Dog,Sebastian,Small Mix Breed,10/11/2017,Reclaimed,Stray,10/07/2017,,,4,,
110234,Dog,3 Of 4,Long Hair Chihuahua,10/11/2017,Transfer Out,ACO Impound,10/05/2017,,,6,,
110072,Dog,Dexter,Beagle,10/11/2017,Transfer Out,Stray,09/30/2017,Yes,,11,,
110235,Dog,4 Of 4,"Terrier, Rat",10/11/2017,Transfer Out,ACO Impound,10/05/2017,,,6,,
110440,Puppy,Pup 4 - Rescue Committed,Large Mix Breed,10/11/2017,Transfer Out,Owner Surrender,10/10/2017,,,1,Last of Litter,
110184,Dog,Toast,Pit Bull,10/11/2017,Transfer Out,ACO Impound,10/03/2017,Yes,10/10/2017,8,,
110195,Puppy,Sterling,Large Mix Breed,10/11/2017,Adopted,ACO Impound,10/04/2017,Yes,10/10/2017,7,,
83574,Dog,Mack,Pit Bull,10/11/2017,Transfer Out,Returns,10/01/2017,Yes,10/19/2015,10,,
104318,Dog,Taz,Boxer,10/11/2017,Transfer Out,Stray,10/04/2017,Yes,05/01/2017,7,,
109017,Dog,Ernest,Pit Bull,10/11/2017,Adopted,ACO Impound,08/29/2017,Yes,09/05/2017,43,,
110150,Dog,Dutchess,Shepherd,10/11/2017,Adopted,Stray,10/02/2017,Yes,,9,,Rabies Testing-8
109600,Dog,Beenie,Pit Bull,10/11/2017,Adopted,ACO Impound,09/16/2017,Yes,09/22/2017,25,,
109254,Dog,Scarlett,Large Mix Breed,10/11/2017,Adopted,Owner Surrender,09/05/2017,Yes,09/11/2017,36,Health of the caretaker -,
77574,Dog,Hercules,Large Mix Breed,10/11/2017,Adopted,Returns,09/21/2017,Yes,05/29/2015,20,No time for animal,
110231,Puppy,Licorice,Large Mix Breed,10/11/2017,Adopted,ACO Impound,10/05/2017,,10/10/2017,6,,
110476,Puppy,Cruella,Pit Bull,10/11/2017,Euthanized,Euthanasia Request,10/11/2017,,,0,Health of the animal -,Owner request -1
110167,Dog,Graham,Lhasa Apso,10/11/2017,Adopted,ACO Impound,10/03/2017,Yes,10/10/2017,8,,
110468,Dog,Babe,Large Mix Breed,10/11/2017,Euthanized,Euthanasia Request,10/11/2017,,,0,,Owner request -1
110411,Dog,Luna,"Terrier, Rat",10/11/2017,Reclaimed,ACO Impound,10/10/2017,,,1,,
110085,Dog,Honey,Shepherd,10/11/2017,Euthanized,Euthanasia Request,10/11/2017,,,0,,Owner request -1
110470,Dog,Huxley,Medium Mix Breed,10/11/2017,Reclaimed,Stray,10/11/2017,,,0,,
110482,Dog,Piper,Chihuahua,10/11/2017,Reclaimed,ACO Impound,10/11/2017,,,0,,
110416,Dog,Noah,Labrador,10/11/2017,Reclaimed,Stray,10/10/2017,,,1,,
110479,Dog,Duke,German Shepherd,10/11/2017,Seized Release,ACO Impound,10/11/2017,,,0,,
110338,Puppy,Samson,Medium Mix Breed,10/11/2017,Reclaimed,ACO Impound,10/07/2017,,,4,,
110300,Dog,,Small Mix Breed,10/11/2017,Euthanized,Stray,10/06/2017,,,5,,Failure to pass medical
110276,Dog,,Pit Bull,10/11/2017,Euthanized,Stray,10/06/2017,No,,5,,Aggressive towards
110240,Dog,Princess Maddie,"Dachshund, Short-haired",10/12/2017,Reclaimed,Stray,10/05/2017,Yes,10/11/2017,7,,
110198,Puppy,Tawny,Small Terrier Mix,10/12/2017,Adopted,ACO Impound,10/04/2017,Yes,10/10/2017,8,,
110424,Dog,Luna,Medium Mix Breed,10/12/2017,Reclaimed,Stray,10/10/2017,,,2,,
110404,Dog,Patches,Australian Shepherd,10/12/2017,Transfer Out,ACO Impound,10/10/2017,,,2,,
110348,Dog,Linda- Rescue Committed,Labrador,10/12/2017,Transfer Out,ACO Impound,10/08/2017,,,4,,
108258,Dog,Paco,Chihuahua,10/12/2017,Adopted,ACO Impound,08/11/2017,,,62,,
109236,Dog,Heath,Pit Bull,10/12/2017,Adopted,ACO Impound,09/05/2017,Yes,09/15/2017,37,,
110126,Dog,Ramsey,Pit Bull,10/12/2017,Adopted,ACO Impound,10/02/2017,Yes,10/06/2017,10,,
110511,Dog,,Pit Bull,10/12/2017,Seized Release,ACO Impound,10/12/2017,,,0,,
110119,Dog,Rocky,Boxer,10/12/2017,Adopted,Returns,10/10/2017,Yes,,2,,
110355,Dog,Fix/snoopy,Beagle,10/12/2017,Reclaimed,Stray,10/08/2017,,10/11/2017,4,,
110356,Dog,Fix/sadie,Beagle,10/12/2017,Reclaimed,Stray,10/08/2017,,10/11/2017,4,,
108353,Dog,Jax,Pit Bull,10/12/2017,Adopted,Returns,09/24/2017,Yes,08/18/2017,18,,
65909,Dog,Hera,Pit Bull,10/12/2017,Adopted,ACO Impound,09/30/2017,Yes,08/20/2014,12,,
110337,Dog,King,Pit Bull,10/12/2017,Reclaimed,ACO Impound,10/07/2017,,,5,,
110027,Puppy,Lovey,Large Mix Breed,10/12/2017,Adopted,Returns,10/11/2017,,10/02/2017,1,,
110437,Puppy,Bram,Large Mix Breed,10/12/2017,Adopted,Owner Surrender,10/10/2017,,10/11/2017,2,Last of Litter,
110192,Dog,Duchess,Medium Mix Breed,10/12/2017,Adopted,Stray,10/03/2017,Yes,10/10/2017,9,,
98142,Dog,Ivar,Pit Bull,10/12/2017,Adopted,Returns,10/03/2017,Yes,11/21/2016,9,,
,,,,,,,,,,,,
108067,Dog,Paris,Rottweiler,10/12/2017,Adopted,Returns,10/04/2017,Yes,08/11/2017,8,,
97339,Dog,Big Boy,Chow Chow,10/12/2017,Euthanized,Returns,10/10/2017,Yes,,2,Temperament,Aggressive towards people-
110496,Dog,,Large Mix Breed,10/12/2017,Euthanized,ACO Impound,10/12/2017,,,0,,Untreatable Terminal Injury-
110340,Dog,,Large Mix Breed,10/12/2017,Euthanized,ACO Impound,10/07/2017,,,5,,Aggressive towards
101840,Dog,Jimmy - Rescue Committed,Boxer,10/13/2017,Transfer Out,Returns,10/03/2017,Yes,02/22/2017,10,Separation Anxiety,
110438,Puppy,Barker,Large Mix Breed,10/13/2017,Adopted,Owner Surrender,10/10/2017,,10/11/2017,3,Last of Litter,
110441,Puppy,Grimm,Large Mix Breed,10/13/2017,Adopted,Owner Surrender,10/10/2017,,10/11/2017,3,Last of Litter,
110439,Puppy,Edgar,Large Mix Breed,10/13/2017,Adopted,Owner Surrender,10/10/2017,,10/11/2017,3,Last of Litter,
110289,Puppy,Amabel,Pit Bull,10/13/2017,Adopted,Stray,10/06/2017,,10/11/2017,7,,
110158,Dog,Emily,Pit Bull,10/13/2017,Adopted,ACO Impound,10/03/2017,Yes,10/10/2017,10,,
110251,Dog,Jilly,Small Terrier Mix,10/13/2017,Adopted,Stray,10/05/2017,Yes,10/11/2017,8,,
108158,Dog,Rhodey,Medium Mix Breed,10/13/2017,Reclaimed,Returns,10/10/2017,Yes,08/14/2017,3,,Aggressive towards people-
110535,Dog,Homeless,Medium Mix Breed,10/13/2017,Euthanized,Euthanasia Request,10/12/2017,,,1,Biter,Rabies Testing-8
110150,Dog,Dutchess,Shepherd,10/13/2017,Euthanized,Returns,10/12/2017,Yes,,1,Biter,Rabies Testing-8
110537,Dog,Diva,Beagle,10/13/2017,Reclaimed,ACO Impound,10/13/2017,,,0,,
109951,Dog,Sasha,Large Mix Breed,10/13/2017,Adopted,ACO Impound,09/27/2017,Yes,10/02/2017,16,,
110543,Dog,Jemma,Labrador,10/13/2017,Reclaimed,Euthanasia Request,10/13/2017,,,0,,Owner request -1
110165,Dog,Mary,Pit Bull,10/13/2017,Transfer Out,Stray,10/03/2017,Rescue,,10,,
110305,Puppy,Sebastian,Boxer,10/13/2017,Adopted,Stray,10/06/2017,,10/11/2017,7,,
110280,Puppy,Nina,Pit Bull,10/13/2017,Adopted,ACO Impound,10/06/2017,,10/11/2017,7,,
109368,Puppy,Corey,Large Mix Breed,10/13/2017,Adopted,Returns,10/06/2017,Yes,09/15/2017,7,,
110539,Dog,Buddy,Border Collie,10/13/2017,Reclaimed,ACO Impound,10/13/2017,,,0,,
110540,Dog,Kodi,Rottweiler,10/13/2017,Reclaimed,ACO Impound,10/13/2017,,,0,,
109927,Puppy,Empress,Shepherd,10/13/2017,Adopted,Returns,10/10/2017,Yes,10/06/2017,3,,
110427,Dog,Fix - Diamond,Pit Bull,10/13/2017,Reclaimed,Stray,10/10/2017,,10/13/2017,3,,Failure to pass medical
110188,Puppy,Aspen,Large Mix Breed,10/13/2017,Adopted,Owner Surrender,10/03/2017,Yes,,10,No time for animal,
110517,Dog,Tyrus,Small Mix Breed,10/13/2017,Reclaimed,ACO Impound,10/12/2017,,,1,,
110248,Dog,Clipper,Belgian Malinois,10/13/2017,Transfer Out,Stray,10/05/2017,Rescue,10/13/2017,8,,
110359,Dog,Fix - Chong,Pit Bull,10/13/2017,Reclaimed,Stray,10/08/2017,,10/13/2017,5,,
110130,Dog,Casper,Pomeranian,10/13/2017,Adopted,ACO Impound,10/02/2017,Yes,,11,,
108973,Dog,Eliza / Gilly,Large Mix Breed,10/13/2017,Adopted,Returns,10/01/2017,Yes,09/06/2017,12,,Rabies Testing-8
110551,Dog,,Small Terrier Mix,10/13/2017,Euthanized,ACO Impound,10/13/2017,,,0,,Untreatable Terminal Illness-
110263,Puppy,Toby,Small Mix Breed,10/13/2017,Adopted,ACO Impound,10/06/2017,Yes,10/11/2017,7,,
110401,Dog,Behave Check,Pit Bull,10/13/2017,Euthanized,ACO Impound,10/10/2017,,,3,,Aggressive towards people-
65404,Dog,Freedom,Medium Mix Breed,10/13/2017,Seized Release,ACO Impound,10/13/2017,,,0,,
88372,Dog,Gucci,Pit Bull,10/13/2017,Euthanized,Euthanasia Request,10/13/2017,,,0,Aggressive towards other,Aggressive towards people-
101101,Dog,Bella,Pit Bull,10/13/2017,Euthanized,Euthanasia Request,10/13/2017,,,0,Aggressive towards other,Aggressive towards people-
110178,Dog,Bentley / Scooter,Small Terrier Mix,10/14/2017,Adopted,Stray,10/03/2017,Yes,10/10/2017,11,,
110345,Dog,Daisy,Shih Tzu,10/14/2017,Transfer Out,Owner Surrender,10/07/2017,,,7,FINANCIAL -- Cannot,
110385,Dog,Andrea,Yorkshire Terrier,10/14/2017,Transfer Out,Stray,10/09/2017,Yes,10/13/2017,5,,
80725,Dog,Gomez,Labrador,10/14/2017,Adopted,Returns,10/07/2017,Yes,08/11/2015,7,,
108415,Dog,Gracie,Pit Bull,10/14/2017,Adopted,ACO Impound,08/15/2017,Yes,08/21/2017,60,,
67099,Dog,Sugar,Poodle Toy,10/14/2017,Adopted,ACO Impound,10/01/2017,Yes,09/17/2014,13,,
110561,Dog,Molly,Saint Bernard,10/14/2017,Seized Release,ACO Impound,10/14/2017,,,0,,
110201,Dog,Tiffani,Pit Bull,10/14/2017,Adopted,ACO Impound,10/04/2017,Yes,10/10/2017,10,,
110327,Dog,Axil,German Shepherd,10/14/2017,Adopted,ACO Impound,10/07/2017,Yes,,7,,
109901,Puppy,Kalista,Medium Mix Breed,10/14/2017,Adopted,ACO Impound,09/25/2017,,,19,,
70692,Dog,Duke,Labrador,10/14/2017,Adopted,ACO Impound,08/31/2017,Yes,,44,Divorce/Separation,
110495,Dog,Cobie,Cane Corso,10/14/2017,Reclaimed,ACO Impound,10/11/2017,,,3,,
106834,Dog,Dominique,Boxer,10/14/2017,Adopted,Returns,10/07/2017,Yes,07/11/2017,7,,
110225,Puppy,Brie,Medium Mix Breed,10/14/2017,Adopted,ACO Impound,10/04/2017,,10/11/2017,10,,
110299,Dog,Nugget,Dachshund,10/14/2017,Adopted,ACO Impound,10/06/2017,Yes,10/13/2017,8,,
110393,Puppy,Laverne,Chihuahua,10/14/2017,Adopted,Stray,10/09/2017,,10/13/2017,5,,
110394,Puppy,Shirley,Chihuahua,10/14/2017,Adopted,Stray,10/09/2017,,10/13/2017,5,,
110419,Dog,Rogue - Rescue Committed,Medium Mix Breed,10/14/2017,Transfer Out,ACO Impound,10/10/2017,,,4,,
110331,Dog,Oliver,Papillon,10/14/2017,Adopted,Stray,10/07/2017,Yes,10/13/2017,7,,
110277,Dog,Leah,Chihuahua,10/14/2017,Adopted,ACO Impound,10/06/2017,Yes,10/13/2017,8,,
110223,Puppy,Maisy,Pit Bull,10/14/2017,Adopted,Stray,10/04/2017,Yes,10/13/2017,10,,
110034,Dog,Geraldo,Pit Bull,10/14/2017,Adopted,ACO Impound,09/29/2017,Yes,10/06/2017,15,,
110183,Dog,Blayr,Medium Mix Breed,10/14/2017,Adopted,ACO Impound,10/03/2017,Yes,10/10/2017,11,,
110287,Dog,Sarah,Labrador,10/14/2017,Transfer Out,Stray,10/06/2017,,,8,,
109607,Dog,Cameron,Labrador,10/14/2017,Adopted,Stray,09/16/2017,Yes,09/20/2017,28,,
110497,Dog,Duchess,Presa Canario,10/14/2017,Reclaimed,ACO Impound,10/12/2017,,,2,,
60836,Dog,Lola,Pekingese,10/14/2017,Adopted,Returns,10/13/2017,Yes,04/28/2014,1,,
94625,Dog,Duck,Pit Bull,10/14/2017,Adopted,Owner Surrender,08/19/2017,Yes,08/08/2016,56,Moving - No pets allowed,
105415,Dog,Molly,Great Pyrenees,10/14/2017,Adopted,Returns,10/07/2017,Yes,,7,No time for animal,
110304,Dog,Sulley,Retriever,10/14/2017,Transfer Out,ACO Impound,10/06/2017,Yes,10/13/2017,8,,
110236,Puppy,Lillith,Medium Mix Breed,10/14/2017,Adopted,ACO Impound,10/05/2017,,10/11/2017,9,,
110192,Dog,Duchess,Medium Mix Breed,10/14/2017,Adopted,Returns,10/13/2017,Yes,10/10/2017,1,,
110328,Dog,Juniper,Papillon,10/14/2017,Adopted,ACO Impound,10/07/2017,Yes,,7,,
110272,Dog,Lionel,Medium Mix Breed,10/14/2017,Adopted,ACO Impound,10/06/2017,,10/13/2017,8,,
110339,Dog,Coti,Large Mix Breed,10/14/2017,Adopted,ACO Impound,10/07/2017,Yes,,7,,
,,,,,,,,,,,,
85287,Dog,Scarlet- Needs Pulled By 12/11,Pit Bull,10/14/2017,Adopted,Owner Surrender,09/29/2017,Yes,12/07/2015,15,Aggressive towards other,
110206,Dog,Cosmo,Pit Bull,10/14/2017,Adopted,ACO Impound,10/04/2017,Yes,10/11/2017,10,,
109840,Dog,Chico,Medium Mix Breed,10/14/2017,Adopted,Stray,09/23/2017,Yes,,21,,
110541,Dog,Jordan,Chihuahua,10/14/2017,Reclaimed,ACO Impound,10/13/2017,,,1,,
110575,Dog,Twix,Medium Mix Breed,10/14/2017,Reclaimed,ACO Impound,10/14/2017,,,0,,
110563,Dog,Peaches,Chihuahua,10/14/2017,Euthanized,Euthanasia Request,10/14/2017,,,0,,Owner request -1
110589,Dog,Bub,Medium Mix Breed,10/14/2017,Euthanized,Euthanasia Request,10/14/2017,,,0,,Owner request -1
110577,Dog,Daisy Mae,Medium Mix Breed,10/14/2017,Euthanized,Euthanasia Request,10/14/2017,,,0,,Owner request -1
110570,Dog,Elizebeth,Pit Bull,10/14/2017,Seized Release,ACO Impound,10/14/2017,,,0,,
110595,Dog,Jigga,British Bulldog,10/14/2017,Euthanized,Euthanasia Request,10/14/2017,,,0,,Owner request -1
109199,Dog,Prince,Pit Bull,10/15/2017,Adopted,Stray,09/03/2017,Yes,09/08/2017,42,,
109185,Dog,Toby,Medium Mix Breed,10/15/2017,Adopted,Returns,09/22/2017,Yes,09/08/2017,23,,
110325,Dog,Aurora,Pit Bull,10/15/2017,Adopted,Stray,10/07/2017,Behaviour,,8,,
110179,Dog,Harper,Beagle,10/15/2017,Adopted,ACO Impound,10/03/2017,Yes,,12,,
65279,Dog,Buster,Large Mix Breed,10/15/2017,Adopted,Returns,09/07/2017,Yes,08/04/2014,38,FINANCIAL -- Cannot,
110583,Dog,Blaze,Pit Bull,10/15/2017,Reclaimed,ACO Impound,10/14/2017,,,1,,
78813,Dog,Lady- Rescue Committed,Medium Mix Breed,10/15/2017,Transfer Out,Returns,10/10/2017,Yes,07/17/2015,5,,
110583,Dog,Blaze,Pit Bull,10/15/2017,Reclaimed,Returns,10/15/2017,,,0,,
110608,Dog,Myra,Pit Bull,10/15/2017,Reclaimed,Stray,10/15/2017,,,0,,
110214,Dog,Elly,Medium Mix Breed,10/15/2017,Adopted,ACO Impound,10/04/2017,Yes,10/13/2017,11,,
91153,Dog,Harper,Pit Bull,10/15/2017,Adopted,Returns,10/06/2017,Yes,05/11/2016,9,,
109776,Dog,Ava,Pit Bull,10/15/2017,Adopted,ACO Impound,09/21/2017,Yes,09/27/2017,24,,
110565,Dog,Vivian,Long Hair Chihuahua,10/15/2017,Reclaimed,Stray,10/14/2017,,,1,,
109918,Dog,Sibley,Pit Bull,10/15/2017,Adopted,ACO Impound,09/25/2017,Yes,,20,,
110593,Dog,Max,Pekingese,10/15/2017,Reclaimed,ACO Impound,10/14/2017,,,1,,
102781,Dog,Snow White,Pit Bull,10/15/2017,Adopted,Returns,10/12/2017,Yes,03/20/2017,3,,
110594,Dog,Benji,Yorkshire Terrier,10/15/2017,Reclaimed,ACO Impound,10/14/2017,,,1,,
109770,Dog,Gucci,Boxer,10/15/2017,Adopted,Owner Surrender,09/20/2017,Yes,09/25/2017,25,Homeless,
94465,Dog,Poppy,Small Mix Breed,10/15/2017,Seized Release,ACO Impound,10/15/2017,Yes,07/29/2016,0,,
110377,Dog,Blanche - Leaving 10/15,Maltese,10/15/2017,Transfer Out,Stray,10/08/2017,,,7,,
110598,Dog,Lexi,Basenji,10/15/2017,Reclaimed,ACO Impound,10/14/2017,,,1,,
110329,Dog,Roo,Large Mix Breed,10/15/2017,Adopted,ACO Impound,10/07/2017,Yes,10/13/2017,8,,
110613,Dog,Lilly,Poodle Miniature,10/15/2017,Euthanized,Euthanasia Request,10/15/2017,,,0,Health of the animal -,Owner request -1
110615,Dog,Chloe,Labrador Retriever,10/15/2017,Euthanized,Euthanasia Request,10/15/2017,,,0,,Owner request -1
102029,Dog,Ice,Pit Bull,10/15/2017,Adopted,Returns,07/16/2017,Yes,,91,,
110567,Dog,Goldie,Bloodhound,10/15/2017,Reclaimed,ACO Impound,10/14/2017,,,1,,
110611,Dog,Tito,Pit Bull,10/15/2017,Seized Release,ACO Impound,10/15/2017,,,0,,
110420,Puppy,Bleu - Rescue Committed,Pit Bull,10/15/2017,Transfer Out,ACO Impound,10/10/2017,,,5,,
110347,Dog,Lenny,Large Mix Breed,10/15/2017,Adopted,ACO Impound,10/07/2017,Yes,10/13/2017,8,,
110391,Dog,Spot,Jack Russell Terrier,10/15/2017,Adopted,Stray,10/09/2017,Yes,10/13/2017,6,,
110059,Dog,Kiki,Large Mix Breed,10/15/2017,Adopted,Stray,09/30/2017,Yes,10/04/2017,15,,
106074,Dog,Abbie,Mastiff,10/15/2017,Reclaimed,ACO Impound,10/15/2017,,,0,,
106075,Dog,Kootie,Mastiff,10/15/2017,Reclaimed,ACO Impound,10/15/2017,,,0,,
106080,Dog,Rock,Boxer,10/15/2017,Reclaimed,ACO Impound,10/15/2017,,,0,,
110597,Dog,Lucy,German Shepherd,10/15/2017,Reclaimed,ACO Impound,10/14/2017,,,1,,
110344,Dog,Oscar - Rescue Committed,Pug,10/15/2017,Transfer Out,ACO Impound,10/07/2017,,,8,,
103698,Dog,Maggie,Pit Bull,10/15/2017,Adopted,Returns,08/15/2017,Yes,,61,,
110609,Dog,Mickey,Labrador,10/15/2017,Reclaimed,Stray,10/15/2017,,,0,,
110144,Dog,Brilla,Pit Bull,10/15/2017,Adopted,ACO Impound,10/02/2017,Yes,10/10/2017,13,,
108923,Dog,Alistair,Pit Bull,10/15/2017,Adopted,Stray,08/27/2017,Yes,09/05/2017,49,,
110606,Dog,Chico,Shepherd,10/15/2017,Reclaimed,ACO Impound,10/15/2017,,,0,,
110622,Dog,Rex,German Shepherd,10/15/2017,Euthanized,Euthanasia Request,10/15/2017,,,0,,Owner request -1
110523,Dog,,Labrador,10/15/2017,Euthanized,ACO Impound,10/12/2017,,,3,,Failure to pass medical
110619,Dog,Tuco,Chihuahua,10/15/2017,Euthanized,Euthanasia Request,10/15/2017,,,0,,Owner request -1
110634,Dog,Zaporah,Pit Bull,10/15/2017,Euthanized,Euthanasia Request,10/15/2017,,,0,Aggressive towards other,Owner request -1
110638,Dog,N/a,English Bulldog,10/15/2017,Unassisted Death,Owner Surrender,10/15/2017,,,0,Other Reason,
110628,Dog,Cashew,Chihuahua,10/16/2017,Reclaimed,ACO Impound,10/15/2017,,,1,,
110644,Puppy,,Medium Mix Breed,10/16/2017,Euthanized,Stray,10/16/2017,,,0,,Untreatable Terminal Illness-
110232,Dog,Mr Peabody,Large Mix Breed,10/16/2017,Adopted,ACO Impound,10/05/2017,Yes,10/11/2017,11,,
110647,Dog,,Beagle,10/16/2017,Seized Release,ACO Impound,10/16/2017,,,0,,
110631,Dog,Biscuit,Poodle Miniature,10/16/2017,Reclaimed,ACO Impound,10/15/2017,,,1,,
110632,Dog,Ella,Poodle Miniature,10/16/2017,Reclaimed,ACO Impound,10/15/2017,,,1,,
105353,Dog,Kato,Pit Bull,10/16/2017,Adopted,Returns,09/20/2017,Yes,06/02/2017,26,Behavior towards people,
102762,Dog,Harlem,Large Mix Breed,10/16/2017,Adopted,ACO Impound,03/14/2017,Yes,03/15/2017,216,,
109188,Dog,Zippie,Large Mix Breed,10/16/2017,Seized Release,ACO Impound,10/16/2017,Yes,09/08/2017,0,,
110023,Dog,Sweeney - Rescue Committed,Large Mix Breed,10/16/2017,Transfer Out,ACO Impound,09/28/2017,Rescue,10/02/2017,18,,
67025,Dog,Ellie - Rescue Committed,Hound,10/16/2017,Transfer Out,ACO Impound,10/07/2017,Rescue,,9,,
109924,Dog,Kayla,Pit Bull,10/16/2017,Adopted,ACO Impound,09/26/2017,Yes,,20,,
110213,Dog,Vorhees,Pit Bull,10/16/2017,Adopted,ACO Impound,10/04/2017,Yes,,12,,
110375,Dog,Sylvia,Chihuahua,10/16/2017,Adopted,ACO Impound,10/08/2017,Yes,10/13/2017,8,,
109468,Dog,Midas,Pit Bull,10/16/2017,Adopted,ACO Impound,09/11/2017,Yes,09/18/2017,35,,
109531,Dog,Marcy,Pit Bull,10/16/2017,Adopted,ACO Impound,09/13/2017,Yes,,33,,
,,,,,,,,,,,,
108716,Dog,Ripley,Pit Bull,10/16/2017,Adopted,Returns,10/08/2017,Yes,08/28/2017,8,,
110650,Dog,Tank,Pit Bull,10/16/2017,Seized Release,ACO Impound,10/16/2017,,,0,,
110278,Dog,Mira,Poodle Miniature,10/16/2017,Adopted,ACO Impound,10/06/2017,Yes,10/11/2017,10,,
110055,Dog,Maybelle,Pit Bull,10/16/2017,Adopted,ACO Impound,09/29/2017,Yes,10/04/2017,17,,
104162,Dog,Rosco,Pit Bull,10/16/2017,Adopted,Owner Surrender,08/25/2017,Yes,,52,Aggressive towards other,
109548,Dog,Shasta,Pit Bull,10/16/2017,Adopted,ACO Impound,09/14/2017,Yes,09/20/2017,32,,
102883,Dog,Peter- Rescue Committed,Pit Bull,10/16/2017,Transfer Out,Returns,09/16/2017,Yes,03/22/2017,30,Biter -- NOT PUPPY,
110607,Dog,Fix/benji,Pit Bull,10/16/2017,Reclaimed,Stray,10/15/2017,,10/16/2017,1,,
110664,Puppy,Geo,Australian Shepherd,10/16/2017,Seized Release,ACO Impound,10/16/2017,,,0,,
109653,Dog,Adora,Pit Bull,10/16/2017,Adopted,ACO Impound,09/17/2017,Yes,,29,,
110641,Dog,Ava,Poodle Miniature,10/16/2017,Reclaimed,ACO Impound,10/16/2017,,,0,,
110290,Dog,Sierra - Rescue Committed,Medium Mix Breed,10/16/2017,Transfer Out,ACO Impound,10/06/2017,Rescue,10/16/2017,10,,
88939,Dog,Minnie- Must Be Pulled By 10/16,Medium Mix Breed,10/16/2017,Transfer Out,ACO Impound,10/03/2017,Rescue,,13,,
110557,Dog,Otto,Small Terrier Mix,10/16/2017,Reclaimed,Stray,10/13/2017,,,3,,
95469,Dog,Paco,Pit Bull,10/16/2017,Adopted,Returns,09/06/2017,Yes,08/26/2016,40,MOVING,
104397,Dog,Groot,Labrador,10/16/2017,Euthanized,Euthanasia Request,10/15/2017,Yes,05/05/2017,1,Escapes from,Rabies Testing-8
50647,Dog,Kody,Siberian Husky,10/16/2017,Seized Release,ACO Impound,10/16/2017,Yes,09/09/2013,0,,
110677,Dog,,Labrador,10/17/2017,Seized Release,ACO Impound,10/16/2017,,,1,,
110672,Dog,Babalou,Pit Bull,10/17/2017,Reclaimed,Stray,10/16/2017,,,1,,
110413,Dog,Buddy,Large Mix Breed,10/17/2017,Adopted,ACO Impound,10/10/2017,Yes,10/16/2017,7,,
109163,Dog,Tansy,Pit Bull,10/17/2017,Adopted,Stray,09/02/2017,Yes,09/08/2017,45,,
109194,Dog,Carrie,Pit Bull,10/17/2017,Adopted,Returns,09/21/2017,Yes,09/11/2017,26,,
110399,Dog,Josie,Shih Tzu,10/17/2017,Adopted,Stray,10/09/2017,Yes,10/16/2017,8,,
110698,Dog,Layla,Cane Corso,10/17/2017,Reclaimed,Stray,10/16/2017,,,1,,
110673,Dog,Lyah,Dachshund,10/17/2017,Reclaimed,Stray,10/16/2017,,,1,,
110667,Dog,Brody,Pekingese,10/17/2017,Reclaimed,Stray,10/16/2017,,,1,,
110376,Dog,Squiggy,Medium Mix Breed,10/17/2017,Adopted,ACO Impound,10/08/2017,Yes,,9,,
110678,Dog,Mammas,Pit Bull,10/17/2017,Reclaimed,ACO Impound,10/17/2017,,,0,,
110679,Puppy,Kain,Pit Bull,10/17/2017,Reclaimed,ACO Impound,10/17/2017,,,0,,
110351,Dog,Holster,Pit Bull,10/17/2017,Adopted,Stray,10/08/2017,Behaviour,10/13/2017,9,,
110457,Puppy,Katya,Labrador Retriever,10/17/2017,Adopted,ACO Impound,10/11/2017,,10/16/2017,6,,
110512,Dog,,Yorkshire Terrier,10/17/2017,Euthanized,ACO Impound,10/12/2017,,,5,,Untreatable Terminal Illness-
110681,Dog,Meg,Shetland Sheep Dog,10/17/2017,Seized Release,ACO Impound,10/17/2017,,,0,,
110461,Dog,Sunny,Pekingese,10/17/2017,Adopted,Stray,10/11/2017,Yes,,6,,
110602,Dog,Dog,Rottweiler,10/17/2017,Reclaimed,ACO Impound,10/15/2017,,,2,,
110418,Dog,Prince,Small Mix Breed,10/17/2017,Adopted,Stray,10/10/2017,Yes,10/16/2017,7,,
110298,Dog,Jax-Rescue  Committed,Pit Bull,10/17/2017,Transfer Out,ACO Impound,10/06/2017,Yes,,11,,
110301,Dog,Albert- Rescue Committed,Large Mix Breed,10/17/2017,Transfer Out,ACO Impound,10/06/2017,Rescue,,11,,
110408,Puppy,Rider,Small Mix Breed,10/17/2017,Adopted,Stray,10/10/2017,Yes,10/16/2017,7,,
110475,Puppy,Lobo,Pit Bull,10/17/2017,Adopted,Stray,10/11/2017,,10/16/2017,6,,
82992,Dog,Keren,Pit Bull,10/17/2017,Seized Release,ACO Impound,10/17/2017,,,0,,
110702,Puppy,Nala,Pit Bull,10/17/2017,Seized Release,ACO Impound,10/17/2017,,,0,,
110410,Puppy,Cider,Small Mix Breed,10/17/2017,Adopted,Stray,10/10/2017,Yes,10/16/2017,7,,
110663,Dog,Ice,Pit Bull,10/17/2017,Reclaimed,ACO Impound,10/16/2017,,,1,,
110407,Dog,Rusty,Jack Russell Terrier,10/17/2017,Adopted,ACO Impound,10/10/2017,Yes,10/16/2017,7,,
110690,Puppy,Bob,English Bulldog,10/17/2017,Reclaimed,Stray,10/17/2017,,,0,,
110675,Dog,Lucky,Jack Russell Terrier,10/17/2017,Reclaimed,Stray,10/16/2017,,,1,,
108597,Dog,Starla,Pit Bull,10/17/2017,Adopted,ACO Impound,09/25/2017,Yes,08/23/2017,22,,
110284,Dog,Rhonda,Chow Chow,10/17/2017,Adopted,ACO Impound,10/06/2017,,10/13/2017,11,,
110696,Dog,Sassy,Pit Bull,10/17/2017,Euthanized,Euthanasia Request,10/17/2017,,,0,Biter,Owner request -1
109318,Dog,Marcus,Pit Bull,10/17/2017,Euthanized,Returns,10/17/2017,Yes,09/13/2017,0,,Rabies Testing-8
96864,Dog,Rinzler,Siberian Husky,10/18/2017,Adopted,Returns,10/11/2017,Yes,10/11/2016,7,,
110720,Dog,Emmylou,Basset Hound,10/18/2017,Seized Release,ACO Impound,10/18/2017,,,0,,
110721,Dog,Sunny,Maltese,10/18/2017,Seized Release,ACO Impound,10/18/2017,,,0,,
108992,Dog,Frances,Pit Bull,10/18/2017,Adopted,ACO Impound,08/28/2017,Yes,,51,,
106636,Dog,Remington,Large Mix Breed,10/18/2017,Adopted,Returns,10/08/2017,Yes,,10,,
109230,Dog,Zoey,German Shepherd,10/18/2017,Seized Release,ACO Impound,10/18/2017,,,0,,
109354,Dog,Stocey,Medium Mix Breed,10/18/2017,Adopted,Stray,09/07/2017,Yes,09/07/2017,41,,
110716,Dog,,Pit Bull,10/18/2017,Seized Release,ACO Impound,10/18/2017,,,0,,
110717,Dog,,Pit Bull,10/18/2017,Seized Release,ACO Impound,10/18/2017,,,0,,
110306,Dog,Lina,Chihuahua,10/18/2017,Adopted,ACO Impound,10/06/2017,Yes,10/16/2017,12,,
110211,Dog,Rosemary,Boxer,10/18/2017,Adopted,Stray,10/04/2017,Yes,10/10/2017,14,,
110192,Dog,Duchess,Medium Mix Breed,10/18/2017,Adopted,Returns,10/17/2017,Yes,10/10/2017,1,,
110713,Puppy,Tank,Pit Bull,10/18/2017,Reclaimed,ACO Impound,10/17/2017,,,1,,
110233,Dog,Annie- Rescue Committed,Large Mix Breed,10/18/2017,Transfer Out,ACO Impound,10/05/2017,Rescue,10/18/2017,13,,
110415,Dog,Waffle,Pit Bull,10/18/2017,Reclaimed,ACO Impound,10/10/2017,Yes,,8,,
110633,Dog,,Pit Bull,10/18/2017,Euthanized,ACO Impound,10/15/2017,,,3,,Failure to pass medical
110738,Dog,Chyna,Chow Chow,10/18/2017,Euthanized,Euthanasia Request,10/18/2017,,,0,,Owner request -1
110730,Dog,Beau,Beagle,10/18/2017,Euthanized,Euthanasia Request,10/18/2017,,,0,,Owner request -1
110731,Dog,Emmee,Dachshund,10/18/2017,Euthanized,Euthanasia Request,10/18/2017,,,0,,Owner request -1
110462,Dog,Marty Mcwiggles,Australian Shepherd,10/19/2017,Adopted,Stray,10/11/2017,Yes,10/18/2017,8,,
110503,Dog,Goblin,Beagle,10/19/2017,Adopted,ACO Impound,10/12/2017,Yes,10/18/2017,7,,
,,,,,,,,,,,,
109957,Puppy,Bristle,Yorkshire Terrier,10/19/2017,Adopted,Stray,09/27/2017,,10/02/2017,22,,
110504,Dog,Caramel Apple,Medium Mix Breed,10/19/2017,Adopted,ACO Impound,10/12/2017,Yes,10/18/2017,7,,
110751,Dog,Reggie,Yorkshire Terrier,10/19/2017,Euthanized,Euthanasia Request,10/19/2017,,,0,,Owner request -1
110750,Dog,Teddy,Yorkshire Terrier,10/19/2017,Euthanized,Euthanasia Request,10/19/2017,,,0,,Owner request -1
110402,Dog,Jilly -Rescue Committed,Pit Bull,10/19/2017,Transfer Out,ACO Impound,10/10/2017,,,9,,
110455,Puppy,Mooshoo,Labrador Retriever,10/19/2017,Adopted,ACO Impound,10/11/2017,,10/18/2017,8,,
109519,Dog,Rigby,Pit Bull,10/19/2017,Adopted,ACO Impound,09/13/2017,Yes,09/20/2017,36,,
110744,Dog,Sadie,Shetland Sheep Dog,10/19/2017,Reclaimed,Stray,10/18/2017,,,1,,
110331,Dog,Oliver,Papillon,10/19/2017,Adopted,Returns,10/18/2017,Yes,10/13/2017,1,,
110508,Dog,Wednesday,Terrier,10/19/2017,Adopted,Stray,10/12/2017,Yes,10/18/2017,7,,
110486,Dog,Ares,Medium Mix Breed,10/19/2017,Adopted,ACO Impound,10/11/2017,Yes,10/18/2017,8,,
110521,Dog,Sally,Shih Tzu,10/19/2017,Adopted,ACO Impound,10/12/2017,Yes,,7,,
110456,Puppy,Gregory,Labrador Retriever,10/19/2017,Adopted,ACO Impound,10/11/2017,,10/18/2017,8,,
110487,Dog,Candy Corn,Chihuahua,10/19/2017,Adopted,Stray,10/11/2017,Yes,10/18/2017,8,,
110603,Dog,Winston,Terrier,10/19/2017,Reclaimed,Stray,10/15/2017,,,4,,
110530,Dog,Brut,"Dachshund, Wire-haired",10/19/2017,Adopted,Stray,10/12/2017,Yes,,7,,
109792,Dog,Lucas - Rescue Committed,Pit Bull,10/19/2017,Transfer Out,ACO Impound,09/21/2017,Yes,09/27/2017,28,,
44482,Dog,Mark - Behave Check,Medium Mix Breed,10/19/2017,Seized Release,ACO Impound,10/19/2017,Yes,05/13/2013,0,MOVING,Psychologically Suffering
107413,Dog,Zeus,Large Mix Breed,10/19/2017,Reclaimed,ACO Impound,10/19/2017,,,0,,
110579,Dog,Sergio - Rescue Committed,Pomeranian,10/19/2017,Transfer Out,Stray,10/14/2017,,,5,,
110429,Dog,Perry - Rescue Committed,Shih Tzu,10/19/2017,Transfer Out,Stray,10/10/2017,Yes,,9,,
110477,Dog,Money- Rescue Committed,Small Mix Breed,10/19/2017,Transfer Out,Stray,10/11/2017,Yes,10/18/2017,8,,
110580,Dog,Jo Jo - Rescue Committed,Pomeranian,10/19/2017,Transfer Out,Stray,10/14/2017,,,5,,
110573,Puppy,Griselda,Medium Mix Breed,10/19/2017,Adopted,Euthanasia Request,10/14/2017,,10/16/2017,5,,Owner request -1
110451,Dog,Pugsly,Shih Tzu,10/19/2017,Adopted,ACO Impound,10/10/2017,Yes,10/18/2017,9,,
110343,Dog,Sapphire,Pit Bull,10/19/2017,Adopted,Stray,10/07/2017,Yes,10/13/2017,12,,
108522,Dog,Adam - Rescue Committed,Pit Bull,10/19/2017,Transfer Out,Returns,10/06/2017,Yes,08/21/2017,13,,
110592,Dog,Tinkerbell - Behavior Check,American Pit Bull,10/19/2017,Euthanized,Owner Surrender,10/14/2017,,,5,Homeless,Aggressive towards people-
110646,Dog,,American Bulldog,10/19/2017,Euthanized,Stray,10/16/2017,,,3,,Failure to pass medical
110574,Dog,,Medium Mix Breed,10/19/2017,Euthanized,ACO Impound,10/14/2017,No,,5,,Aggressive towards people-
110635,Dog,,Rottweiler,10/19/2017,Euthanized,ACO Impound,10/15/2017,,,4,,Rabies Testing-8
110674,Dog,,Pit Bull,10/19/2017,Euthanized,ACO Impound,10/16/2017,,,3,,Failure to pass medical
110722,Dog,Naiyah,Small Mix Breed,10/19/2017,Euthanized,Owner Surrender,10/18/2017,,,1,Health of the caretaker -,Failure to pass medical
110708,Dog,,Small Mix Breed,10/19/2017,Euthanized,ACO Impound,10/17/2017,,,2,,Untreatable Terminal Illness-
110763,Dog,Sasha,American Bulldog,10/19/2017,Euthanized,Euthanasia Request,10/19/2017,,,0,,Owner request -1
110774,Dog,,German Shepherd,10/19/2017,Euthanized,Euthanasia Request,10/19/2017,,,0,,Owner request -1
110409,Dog,Spider,Small Mix Breed,10/20/2017,Adopted,Stray,10/10/2017,Yes,10/16/2017,10,,
105720,Dog,Milo,Shih Tzu,10/20/2017,Adopted,Returns,10/12/2017,Yes,06/14/2017,8,,
82992,Dog,Keren,Pit Bull,10/20/2017,Reclaimed,ACO Impound,10/19/2017,,,1,,
110702,Puppy,Nala,Pit Bull,10/20/2017,Reclaimed,ACO Impound,10/19/2017,,,1,,
110791,Dog,Poppy,Mini Pinscher,10/20/2017,Seized Release,ACO Impound,10/20/2017,,,0,,
110748,Dog,Tara,Medium Mix Breed,10/20/2017,Reclaimed,ACO Impound,10/19/2017,,,1,,
57136,Dog,Mia,German Shepherd,10/20/2017,Reclaimed,ACO Impound,10/20/2017,Yes,10/30/2017,0,,
110798,Dog,,Beagle,10/20/2017,Reclaimed,Stray,10/20/2017,,,0,,
110502,Puppy,Bobo - Rescue Committed,Labrador,10/20/2017,Transfer Out,ACO Impound,10/12/2017,,,8,,
110559,Dog,Pumpkin,Small Terrier Mix,10/20/2017,Adopted,ACO Impound,10/13/2017,Yes,,7,,
110786,Dog,Rexn,Small Mix Breed,10/20/2017,Reclaimed,Stray,10/20/2017,,,0,,
110700,Dog,Kobi,Mini Pinscher,10/20/2017,Reclaimed,Stray,10/17/2017,,,3,,
110624,Dog,Sabrina,Pit Bull,10/20/2017,Adopted,ACO Impound,10/15/2017,Yes,,5,,Rabies Testing-8
110510,Puppy,Morrighan,Medium Mix Breed,10/20/2017,Adopted,Stray,10/12/2017,,10/18/2017,8,,
110480,Dog,Josephine,Medium Mix Breed,10/20/2017,Adopted,ACO Impound,10/11/2017,Yes,10/18/2017,9,,
110676,Dog,Rosie,West Highland White Terrier,10/20/2017,Reclaimed,ACO Impound,10/16/2017,,,4,,Failure to pass medical
110566,Dog,Dan - Rescue Committed,Long Hair Chihuahua,10/20/2017,Transfer Out,Stray,10/14/2017,,,6,,
110709,Dog,Arnold - Rescue Committed,Pomeranian,10/20/2017,Transfer Out,Stray,10/17/2017,,,3,,
110808,Dog,Molly,German Shepherd,10/20/2017,Euthanized,Euthanasia Request,10/20/2017,,,0,Advanced Age,Owner request -1
8714,Dog,Gunner,Labrador,10/21/2017,Reclaimed,ACO Impound,10/21/2017,,,0,,
8715,Dog,Mattie,Labrador,10/21/2017,Reclaimed,ACO Impound,10/21/2017,,,0,,
110533,Dog,Abby,Chihuahua,10/21/2017,Adopted,Stray,10/12/2017,Behaviour,10/18/2017,9,,
111320,Dog,King Kong,Boxer,10/21/2017,Reclaimed,Stray,10/14/2017,,05/16/2014,7,,
95271,Dog,Tommy,Medium Mix Breed,10/21/2017,Adopted,Returns,10/15/2017,Yes,08/26/2016,6,Homeless,
110500,Puppy,Ghost,Large Mix Breed,10/21/2017,Adopted,ACO Impound,10/12/2017,,10/18/2017,9,,
110478,Puppy,Derek,Large Mix Breed,10/21/2017,Adopted,ACO Impound,10/11/2017,,10/16/2017,10,,
110814,Dog,Timon,Mini Pinscher,10/21/2017,Euthanized,Euthanasia Request,10/21/2017,,,0,,Owner request -1
35807,Dog,Ruby,Weimaraner,10/21/2017,Euthanized,Euthanasia Request,10/21/2017,Yes,11/13/2012,0,Health of the animal -,Owner request -1
110815,Dog,Ginger,Jack Russell Terrier,10/21/2017,Euthanized,Euthanasia Request,10/21/2017,,,0,Bad Temperament,Owner request -1
110759,Dog,Buttons,Medium Mix Breed,10/21/2017,Reclaimed,Stray,10/19/2017,,,2,,
110211,Dog,Rosemary,Boxer,10/21/2017,Adopted,Returns,10/19/2017,Yes,10/10/2017,2,,
110817,Dog,Max,Shih Tzu,10/21/2017,Reclaimed,Stray,10/21/2017,,,0,,
110520,Dog,Matilda,Pit Bull,10/21/2017,Adopted,ACO Impound,10/12/2017,Yes,10/18/2017,9,,
105371,Dog,King,Medium Mix Breed,10/21/2017,Adopted,Returns,10/10/2017,Yes,06/05/2017,11,Health of the caretaker -,
110578,Puppy,Glinda,Medium Mix Breed,10/21/2017,Adopted,Stray,10/14/2017,,10/18/2017,7,,
110727,Puppy,Oreo,Boxer,10/21/2017,Adopted,Owner Surrender,10/18/2017,,10/20/2017,3,No time for animal,
,,,,,,,,,,,,
110621,Dog,Gomez,Medium Mix Breed,10/21/2017,Adopted,Stray,10/15/2017,Yes,10/20/2017,6,,
110550,Dog,Spooky,Small Mix Breed,10/21/2017,Adopted,ACO Impound,10/13/2017,Yes,10/20/2017,8,,
110536,Dog,Evan,Small Mix Breed,10/21/2017,Adopted,ACO Impound,10/13/2017,Yes,10/20/2017,8,,
110640,Dog,Jack O'Lantern,Jack Russell Terrier,10/21/2017,Adopted,ACO Impound,10/15/2017,Yes,10/20/2017,6,,
110576,Puppy,Cloak,Medium Mix Breed,10/21/2017,Adopted,Stray,10/14/2017,Yes,10/20/2017,7,,
109056,Dog,Eddie,Hound,10/21/2017,Adopted,Returns,10/20/2017,Yes,09/06/2017,1,,
110509,Dog,Aj,Large Mix Breed,10/21/2017,Adopted,ACO Impound,10/12/2017,Yes,10/20/2017,9,,
109506,Dog,Junior,Large Mix Breed,10/21/2017,Adopted,Returns,09/18/2017,Yes,09/22/2017,33,,
86301,Dog,Boots,Small Terrier Mix,10/21/2017,Reclaimed,ACO Impound,10/18/2017,Yes,01/08/2016,3,,
110596,Dog,Niyah,Pit Bull,10/21/2017,Adopted,Stray,10/14/2017,Yes,10/20/2017,7,,
96664,Dog,Mel,Pit Bull,10/21/2017,Adopted,Returns,09/21/2017,Yes,10/05/2016,30,,
110460,Dog,Hatchi,Labrador Retriever,10/21/2017,Adopted,Stray,10/11/2017,Yes,,10,,
110390,Dog,Cinnabun,Medium Mix Breed,10/21/2017,Adopted,Stray,10/09/2017,Yes,,12,,
110653,Puppy,June,Medium Mix Breed,10/21/2017,Adopted,Stray,10/16/2017,,10/20/2017,5,,
110445,Dog,Francine,Chihuahua,10/21/2017,Adopted,Stray,10/10/2017,Yes,10/16/2017,11,,
110823,Dog,Pugsy,Pug,10/21/2017,Reclaimed,Stray,10/21/2017,,,0,,
91096,Dog,Princess,Pit Bull,10/21/2017,Adopted,ACO Impound,10/14/2017,Yes,05/02/2016,7,Landlord won't allow,
104485,Dog,Carmen,Mastiff,10/21/2017,Adopted,ACO Impound,05/03/2017,Yes,05/08/2017,171,,
110639,Dog,Witchie,Medium Mix Breed,10/21/2017,Adopted,ACO Impound,10/15/2017,Yes,10/20/2017,6,,
110747,Dog,Fix/sassy,Pit Bull,10/21/2017,Reclaimed,ACO Impound,10/19/2017,,10/20/2017,2,,
110732,Dog,Behavior Check,Bullmastiff,10/21/2017,Euthanized,ACO Impound,10/18/2017,,,3,,Aggressive towards people-
110077,Dog,,American Bulldog,10/21/2017,Euthanized,ACO Impound,10/14/2017,,,7,,History of biting-6
52515,Dog,Alex,Beagle,10/21/2017,Euthanized,Euthanasia Request,10/21/2017,,10/21/2013,0,Biter,Owner request -1
110743,Dog,Whiteboy,Pit Bull,10/21/2017,Euthanized,ACO Impound,10/18/2017,,,3,,Rabies Testing-8
110777,Dog,Dusty,Pit Bull,10/22/2017,Reclaimed,ACO Impound,10/19/2017,,,3,,
110558,Dog,Eerie,Pit Bull,10/22/2017,Adopted,ACO Impound,10/13/2017,Yes,10/20/2017,9,,
110454,Dog,Garnet,Medium Mix Breed,10/22/2017,Adopted,ACO Impound,10/11/2017,Yes,10/20/2017,11,,
97245,Dog,Shop,Pit Bull,10/22/2017,Adopted,ACO Impound,07/17/2017,Yes,07/24/2017,97,,
110532,Dog,Tippy,Chihuahua,10/22/2017,Adopted,Stray,10/12/2017,Behaviour,10/18/2017,10,,
110498,Dog,Chase,Pit Bull,10/22/2017,Adopted,ACO Impound,10/12/2017,Yes,10/18/2017,10,,
106761,Dog,Finn,Boxer,10/22/2017,Seized Release,ACO Impound,10/22/2017,,,0,,
110625,Dog,Lurch,Labrador,10/22/2017,Adopted,Stray,10/15/2017,Yes,10/20/2017,7,,
110758,Dog,Bella,Pit Bull,10/22/2017,Reclaimed,Stray,10/19/2017,,,3,,
110388,Dog,Vivian,Medium Mix Breed,10/22/2017,Adopted,ACO Impound,10/09/2017,Yes,10/16/2017,13,,
110387,Puppy,Sky,Medium Mix Breed,10/22/2017,Adopted,Stray,10/09/2017,Yes,10/16/2017,13,,
110831,Puppy,Puppy,Dachshund,10/22/2017,Reclaimed,ACO Impound,10/21/2017,,,1,,
110554,Dog,Hammy,Pit Bull,10/22/2017,Adopted,Stray,10/13/2017,Yes,10/20/2017,9,,
108847,Dog,Miss Sue,Pit Bull,10/22/2017,Adopted,ACO Impound,08/25/2017,Yes,,58,,
110004,Dog,Taco - Rescue Committed,Chihuahua,10/22/2017,Transfer Out,ACO Impound,09/28/2017,,,24,,
110360,Dog,Cricket,Poodle Miniature,10/22/2017,Adopted,ACO Impound,10/08/2017,Yes,10/16/2017,14,,
110361,Dog,Jiminy,Chihuahua,10/22/2017,Adopted,ACO Impound,10/08/2017,Yes,10/16/2017,14,,
110481,Dog,Napoleon,Medium Mix Breed,10/22/2017,Adopted,ACO Impound,10/11/2017,Yes,10/18/2017,11,,
110780,Dog,Peluchin,Maltese,10/22/2017,Reclaimed,ACO Impound,10/20/2017,Yes,,2,,
110844,Dog,,Bichon Frise,10/22/2017,Reclaimed,Stray,10/22/2017,,,0,,
110486,Dog,Ares,Medium Mix Breed,10/22/2017,Adopted,Returns,10/20/2017,Yes,10/18/2017,2,,
109389,Dog,Aries,German Shepherd,10/22/2017,Euthanized,Euthanasia Request,10/22/2017,,,0,Behavior towards people,Rabies Testing-8
110850,Dog,Diamond,German Shepherd,10/22/2017,Euthanized,Euthanasia Request,10/22/2017,,,0,,Owner request -1
110856,Puppy,,Pit Bull,10/23/2017,Euthanized,ACO Impound,10/23/2017,,,0,,Untreatable Terminal Illness-
110858,Dog,Gostof,Dachshund,10/23/2017,Euthanized,Euthanasia Request,10/23/2017,,,0,,Owner request -1
66230,Dog,Charlie- Leaving 10/23,Small Mix Breed,10/23/2017,Transfer Out,Returns,10/17/2017,Rescue,09/05/2014,6,,
110488,Dog,Lucie - Leaving 10/23,Medium Mix Breed,10/23/2017,Transfer Out,Owner Surrender,10/11/2017,Yes,,12,FINANCIAL -- Cannot,
110569,Dog,Chief,Pit Bull,10/23/2017,Adopted,Owner Surrender,10/14/2017,Yes,,9,Divorce/Separation,
110829,Dog,Squirt,Boxer,10/23/2017,Reclaimed,ACO Impound,10/21/2017,,,2,,
110828,Dog,Ollie,Boxer,10/23/2017,Euthanized,ACO Impound,10/21/2017,,,2,,Owner request -1
110811,Dog,Chevy,Pit Bull,10/23/2017,Reclaimed,ACO Impound,10/21/2017,,,2,,
110868,Dog,Manwich,Border Collie,10/23/2017,Seized Release,ACO Impound,10/23/2017,,,0,,
110873,Puppy,,Small Mix Breed,10/23/2017,Euthanized,ACO Impound,10/23/2017,,,0,,Untreatable Terminal Injury-
85935,Dog,Boyfriend,Pit Bull,10/23/2017,Adopted,Owner Surrender,09/07/2017,Yes,,46,Other Reason,
110870,Dog,Huck,Labrador Retriever,10/23/2017,Seized Release,ACO Impound,10/23/2017,,,0,,
110871,Dog,Lexi,Medium Mix Breed,10/23/2017,Seized Release,ACO Impound,10/23/2017,,,0,,
110860,Dog,Gypsy,Cocker Spaniel,10/23/2017,Euthanized,Euthanasia Request,10/23/2017,,,0,,Owner request -1
110874,Dog,Daisy May,Dachshund,10/23/2017,Euthanized,Euthanasia Request,10/23/2017,,,0,,Owner request -1
110867,Dog,Roxy,Jack Russell Terrier,10/23/2017,Euthanized,Euthanasia Request,10/23/2017,,,0,,Owner request -1
110843,Puppy,Briggs,Yorkshire Terrier,10/23/2017,Transfer Out,Euthanasia Request,10/22/2017,,10/23/2017,1,,Owner request -1
110789,Dog,Rascal,Beagle,10/23/2017,Reclaimed,ACO Impound,10/20/2017,,,3,,
110741,Dog,Fix - Yahweh Aka Levi,Large Mix Breed,10/23/2017,Reclaimed,ACO Impound,10/18/2017,,10/23/2017,5,,
110857,Dog,,Large Mix Breed,10/23/2017,Euthanized,Euthanasia Request,10/23/2017,,,0,,Owner request -1
110719,Dog,,Siberian Husky,10/23/2017,Euthanized,ACO Impound,10/18/2017,No,,5,,Aggressive towards
108225,Dog,Jenny - Use Caution,Pit Bull,10/23/2017,Euthanized,Returns,10/21/2017,Yes,08/14/2017,2,,Aggressive towards
110861,Dog,,Pit Bull,10/23/2017,Euthanized,Euthanasia Request,10/23/2017,,,0,,Owner request -1
110887,Dog,,Siberian Husky,10/24/2017,Seized Release,ACO Impound,10/24/2017,,,0,,
110888,Dog,Superman,Pit Bull,10/24/2017,Seized Release,ACO Impound,10/24/2017,,,0,,
,,,,,,,,,,,,
110652,Dog,Howard,Small Mix Breed,10/24/2017,Adopted,Stray,10/16/2017,Behaviour,10/23/2017,8,,
110668,Dog,Hocus Pocus,Medium Mix Breed,10/24/2017,Adopted,ACO Impound,10/16/2017,Yes,10/23/2017,8,,
110734,Dog,Fang,Small Mix Breed,10/24/2017,Adopted,Stray,10/18/2017,Yes,10/23/2017,6,,
110581,Dog,Webster,Small Mix Breed,10/24/2017,Adopted,Stray,10/14/2017,Yes,10/20/2017,10,,
109803,Dog,Ethan,Pit Bull,10/24/2017,Adopted,ACO Impound,09/21/2017,Yes,09/27/2017,33,,
110885,Dog,Dallas,Shetland Sheep Dog,10/24/2017,Reclaimed,ACO Impound,10/24/2017,,,0,,
110415,Dog,Waffle,Pit Bull,10/24/2017,Reclaimed,ACO Impound,10/21/2017,Yes,,3,,
110666,Dog,Max,Large Mix Breed,10/24/2017,Adopted,ACO Impound,10/16/2017,Yes,10/23/2017,8,,
110895,Dog,Patch,Rottweiler,10/24/2017,Euthanized,Euthanasia Request,10/24/2017,,,0,,Owner request -1
110893,Dog,Simon,Labrador,10/24/2017,Euthanized,Euthanasia Request,10/24/2017,,,0,,Owner request -1
110876,Dog,Cj,Boxer,10/24/2017,Transfer Out,ACO Impound,10/23/2017,,,1,,
110739,Dog,Wolfie,Pit Bull,10/24/2017,Adopted,Stray,10/18/2017,Yes,10/23/2017,6,,
110892,Puppy,Cricket,Pointer,10/24/2017,Reclaimed,ACO Impound,10/24/2017,,,0,,
111581,Dog,Binx,Medium Mix Breed,10/24/2017,Adopted,ACO Impound,10/17/2017,Behaviour,,7,,
76095,Dog,Finnegan,Chihuahua,10/24/2017,Adopted,Returns,10/15/2017,Yes,04/24/2015,9,,
110560,Dog,Wednesday,Medium Mix Breed,10/24/2017,Adopted,ACO Impound,10/14/2017,Yes,10/23/2017,10,,
109159,Dog,Travis - Rescue Committed,Large Mix Breed,10/24/2017,Transfer Out,Returns,10/11/2017,Rescue,09/08/2017,13,Other Reason,
106761,Dog,Finn,Boxer,10/24/2017,Reclaimed,ACO Impound,10/23/2017,,,1,,
110499,Puppy,Candy Cat,Medium Mix Breed,10/24/2017,Adopted,ACO Impound,10/12/2017,Yes,10/20/2017,12,,
108973,Dog,Eliza / Gilly,Large Mix Breed,10/24/2017,Reclaimed,Returns,10/22/2017,Yes,09/06/2017,2,,Rabies Testing-8
110899,Dog,Precious,Pit Bull,10/24/2017,Seized Release,ACO Impound,10/24/2017,,,0,,
110515,Dog,Rowena - Rescue Committed,Large Mix Breed,10/24/2017,Adopted,ACO Impound,10/12/2017,Yes,10/18/2017,12,,
110564,Dog,Lisa - Rescue Committed,Pit Bull,10/24/2017,Transfer Out,Stray,10/14/2017,Rescue,,10,,
110474,Puppy,Zoey,Pit Bull,10/24/2017,Adopted,ACO Impound,10/11/2017,,,13,,
110919,Dog,Dani,Shepherd,10/24/2017,Seized Release,ACO Impound,10/24/2017,,,0,,
110926,Dog,Mowgli,Rottweiler,10/24/2017,Euthanized,ACO Impound,10/24/2017,,,0,,Untreatable Terminal Injury-
82992,Dog,Keren,Pit Bull,10/25/2017,Reclaimed,ACO Impound,10/24/2017,,,1,,
110702,Dog,Nala,Pit Bull,10/25/2017,Reclaimed,ACO Impound,10/24/2017,,,1,,
111473,Dog,Raiden,Siberian Husky,10/25/2017,Reclaimed,ACO Impound,10/24/2017,Yes,06/07/2017,1,Too big,
110534,Dog,Bobo,Chihuahua,10/25/2017,Adopted,Stray,10/12/2017,Behaviour,,13,,
110932,Dog,Semore,Beagle,10/25/2017,Euthanized,Euthanasia Request,10/25/2017,,,0,,Owner request -1
110753,Puppy,Salem,Medium Mix Breed,10/25/2017,Adopted,ACO Impound,10/19/2017,,10/23/2017,6,,
110692,Dog,Buddy,Small Mix Breed,10/25/2017,Adopted,ACO Impound,10/17/2017,Behaviour,10/23/2017,8,,
110694,Dog,Grim,Boxer,10/25/2017,Adopted,ACO Impound,10/17/2017,Behaviour,10/23/2017,8,,
108515,Dog,Roscoe- Rescue Committed,Large Mix Breed,10/25/2017,Transfer Out,Returns,09/18/2017,Yes,08/23/2017,37,,
108515,Dog,Roscoe- Rescue Committed,Large Mix Breed,10/25/2017,Transfer Out,Returns,10/25/2017,Yes,08/23/2017,0,,
108067,Dog,Paris,Rottweiler,10/25/2017,Adopted,Returns,10/23/2017,Yes,08/11/2017,2,,
110779,Dog,Evelyn - Rescue Committed-,Shepherd,10/25/2017,Transfer Out,ACO Impound,10/20/2017,Yes,,5,,
110947,Puppy,,Pit Bull,10/25/2017,Euthanized,ACO Impound,10/25/2017,,,0,,Untreatable Terminal Illness-
110950,Dog,Dutchess,Great Dane,10/25/2017,Euthanized,Euthanasia Request,10/25/2017,,,0,,Owner request -1
110930,Dog,Dakota,Siberian Husky,10/25/2017,Reclaimed,ACO Impound,10/25/2017,,,0,,
110933,Dog,Amelia,Large Mix Breed,10/25/2017,Reclaimed,ACO Impound,10/25/2017,,,0,,
110936,Dog,Goose/blue,Pit Bull,10/25/2017,Seized Release,ACO Impound,10/25/2017,,,0,,
110693,Puppy,Fern - Leaving 10/25,Dogue De Bordeaux,10/25/2017,Transfer Out,Stray,10/17/2017,,10/23/2017,8,,
110941,Dog,Brutus,Shih Tzu,10/25/2017,Reclaimed,ACO Impound,10/25/2017,,,0,,
109814,Dog,Pablo - Rescue Committed,American Bulldog,10/25/2017,Reclaimed,ACO Impound,10/25/2017,Rescue,,0,,History of biting-6
110686,Dog,Reese,Medium Mix Breed,10/25/2017,Adopted,ACO Impound,10/17/2017,,10/23/2017,8,,
83145,Dog,Todd,Medium Mix Breed,10/25/2017,Seized Release,ACO Impound,10/25/2017,,10/09/2015,0,,
110849,Dog,Mister,Pit Bull,10/25/2017,Euthanized,Owner Surrender,10/25/2017,,,0,Aggressive towards,Aggressive towards
110960,Dog,Shadow,Siberian Husky,10/25/2017,Seized Release,ACO Impound,10/25/2017,,,0,,
110956,Dog,Joey,Schnauzer,10/25/2017,Seized Release,ACO Impound,10/25/2017,,,0,,
110959,Dog,Timber,Golden Retriever,10/25/2017,Seized Release,ACO Impound,10/25/2017,,,0,,
110962,Dog,,Pit Bull,10/26/2017,Seized Release,ACO Impound,10/26/2017,,,0,,
110963,Dog,,Pit Bull,10/26/2017,Seized Release,ACO Impound,10/26/2017,,,0,,
110771,Dog,Patty,"Dachshund, Long-haired",10/26/2017,Adopted,ACO Impound,10/19/2017,Yes,10/25/2017,7,,
110824,Puppy,Hallow,Medium Mix Breed,10/26/2017,Adopted,ACO Impound,10/21/2017,Yes,10/25/2017,5,,
110931,Dog,Tinkerbelle,Small Mix Breed,10/26/2017,Reclaimed,ACO Impound,10/25/2017,,,1,,
110917,Dog,Junie,Pit Bull,10/26/2017,Transfer Out,Owner Surrender,10/24/2017,,,2,No time for animal,
82804,Dog,Sammy,Jack Russell Terrier,10/26/2017,Adopted,Stray,10/13/2017,Yes,,13,Health of the caretaker -,
108359,Dog,Harrison,Large Mix Breed,10/26/2017,Adopted,Stray,08/13/2017,Yes,08/18/2017,74,,
110973,Dog,Fancy,Airedale,10/26/2017,Seized Release,ACO Impound,10/26/2017,,,0,,
110965,Dog,Riku,Dalmatian,10/26/2017,Reclaimed,ACO Impound,10/26/2017,,,0,,
110485,Dog,Twix,Boxer,10/26/2017,Adopted,Stray,10/11/2017,Yes,10/18/2017,15,,
110830,Dog,Willie,Large Mix Breed,10/26/2017,Adopted,Stray,10/21/2017,Yes,,5,,
110760,Puppy,Shadow,Pit Bull,10/26/2017,Adopted,ACO Impound,10/19/2017,,10/25/2017,7,,
110788,Dog,Voodoo,Pit Bull,10/26/2017,Adopted,ACO Impound,10/20/2017,Yes,10/25/2017,6,,
110695,Dog,Louis,Poodle Miniature,10/26/2017,Adopted,ACO Impound,10/17/2017,Behaviour,10/23/2017,9,,
110821,Dog,Desdemona,Siberian Husky,10/26/2017,Adopted,Stray,10/21/2017,Yes,10/25/2017,5,,
110803,Dog,Fix Boss,Pit Bull,10/26/2017,Reclaimed,ACO Impound,10/20/2017,,,6,,
110804,Dog,Fix Red,Pit Bull,10/26/2017,Reclaimed,ACO Impound,10/20/2017,,10/25/2017,6,,
110228,Dog,Pinto,Pit Bull,10/26/2017,Adopted,ACO Impound,10/05/2017,Yes,10/11/2017,21,,
110977,Puppy,,Labrador,10/26/2017,Euthanized,Euthanasia Request,10/26/2017,,,0,Health of the animal -,Owner request -1
,,,,,,,,,,,,
110745,Dog,Fritz,German Shorthaired Pointer,10/26/2017,Adopted,ACO Impound,10/18/2017,Yes,10/23/2017,8,,
110723,Dog,Poe - Rescue Committed,Small Mix Breed,10/26/2017,Transfer Out,Stray,10/18/2017,Yes,,8,,
110795,Puppy,Buffy,Pit Bull,10/26/2017,Adopted,ACO Impound,10/20/2017,Yes,10/25/2017,6,,
110669,Dog,Coco,Small Terrier Mix,10/26/2017,Reclaimed,ACO Impound,10/16/2017,Yes,,10,,
110986,Dog,Mox,German Shepherd,10/26/2017,Seized Release,ACO Impound,10/26/2017,,,0,,
110982,Dog,,Medium Mix Breed,10/26/2017,Seized Release,ACO Impound,10/26/2017,,,0,,
110983,Dog,,Medium Mix Breed,10/26/2017,Seized Release,ACO Impound,10/26/2017,,,0,,
110929,Dog,Michelangelo,Siberian Husky,10/27/2017,Reclaimed,ACO Impound,10/25/2017,,,2,,
110825,Dog,Sirena,Basset Hound,10/27/2017,Adopted,ACO Impound,10/21/2017,Yes,10/25/2017,6,,
110996,Dog,Ernie,Yorkshire Terrier,10/27/2017,Euthanized,Euthanasia Request,10/27/2017,,,0,Health of the animal -,Owner request -1
110995,Dog,Barley,Jack Russell Terrier,10/27/2017,Reclaimed,ACO Impound,10/27/2017,,,0,,
64018,Dog,Chico,Chihuahua,10/27/2017,Seized Release,ACO Impound,10/27/2017,,,0,,
110928,Dog,Boss,Pit Bull,10/27/2017,Reclaimed,ACO Impound,10/25/2017,,,2,,
110980,Dog,Barney,"Schnauzer, Miniature",10/27/2017,Reclaimed,ACO Impound,10/26/2017,,,1,,
109459,Dog,Carson,Large Mix Breed,10/27/2017,Adopted,Stray,09/11/2017,Yes,,46,,
110432,Dog,Cali,Large Mix Breed,10/27/2017,Adopted,ACO Impound,10/10/2017,Yes,,17,,Psychologically Suffering
110529,Dog,Pepper,Large Mix Breed,10/27/2017,Transfer Out,Stray,10/12/2017,Yes,,15,,
108602,Dog,Champ - Rescue Committed,Pit Bull,10/27/2017,Transfer Out,ACO Impound,10/08/2017,Yes,,19,,
111005,Dog,Brown,Medium Mix Breed,10/27/2017,Euthanized,Euthanasia Request,10/27/2017,,,0,Health of the animal -,Owner request -1
110994,Dog,,Labrador,10/27/2017,Euthanized,ACO Impound,10/27/2017,,,0,,Failure to pass medical
109813,Dog,Red,Pit Bull,10/27/2017,Euthanized,Euthanasia Request,10/27/2017,,,0,,Owner request -1
111007,Dog,Sadie,Basset Hound,10/28/2017,Reclaimed,ACO Impound,10/27/2017,,,1,,
110886,Dog,Gibson,Shih Tzu,10/28/2017,Transfer Out,ACO Impound,10/24/2017,,,4,,
110882,Puppy,Bobbin,Labrador Retriever,10/28/2017,Adopted,Stray,10/23/2017,Yes,10/27/2017,5,,
110745,Dog,Fritz,German Shorthaired Pointer,10/28/2017,Adopted,Returns,10/27/2017,Yes,10/23/2017,1,,
110775,Dog,Laurel,Shih Tzu,10/28/2017,Adopted,Stray,10/19/2017,Yes,10/27/2017,9,,
110819,Dog,Timber,Siberian Husky,10/28/2017,Adopted,Stray,10/21/2017,Yes,10/25/2017,7,,
110415,Dog,Waffle,Pit Bull,10/28/2017,Adopted,Owner Surrender,10/24/2017,Yes,,4,CAN'T AFFORD,
110839,Dog,Roger,Beagle,10/28/2017,Adopted,Stray,10/22/2017,Yes,10/27/2017,6,,
110605,Dog,Ida,Pit Bull,10/28/2017,Transfer Out,ACO Impound,10/15/2017,Yes,,13,,
110809,Dog,Jake,Boxer,10/28/2017,Adopted,Owner Surrender,10/20/2017,Yes,10/25/2017,8,FINANCIAL -- Cannot,
109938,Dog,Astor,Pit Bull,10/28/2017,Adopted,ACO Impound,09/26/2017,Yes,10/02/2017,32,,
106767,Dog,Stella,Pit Bull,10/28/2017,Adopted,Stray,07/04/2017,Yes,07/10/2017,116,,
110436,Dog,MacKy,Large Mix Breed,10/28/2017,Adopted,ACO Impound,10/10/2017,Yes,10/16/2017,18,,
110848,Dog,Magnolia,Medium Mix Breed,10/28/2017,Adopted,ACO Impound,10/22/2017,Yes,10/27/2017,6,,
110883,Puppy,Chowder,Large Mix Breed,10/28/2017,Adopted,ACO Impound,10/23/2017,,10/27/2017,5,,
110009,Puppy,Maize,Chihuahua,10/28/2017,Adopted,ACO Impound,09/28/2017,,10/18/2017,30,,
110801,Dog,Ichabod,Large Mix Breed,10/28/2017,Adopted,Stray,10/20/2017,Yes,10/25/2017,8,,
110851,Puppy,Clover,Large Mix Breed,10/28/2017,Adopted,ACO Impound,10/22/2017,,10/27/2017,6,,
111009,Dog,Sparky,Labrador,10/28/2017,Euthanized,Euthanasia Request,10/28/2017,,,0,,Owner request -1
110953,Puppy,Chase,Pit Bull,10/28/2017,Transfer Out,ACO Impound,10/25/2017,,,3,Health of the animal -,
97695,Dog,Peanutt,Medium Mix Breed,10/28/2017,Euthanized,Euthanasia Request,10/27/2017,,,1,,Owner request -1
110864,Puppy,Cranberry,Large Mix Breed,10/28/2017,Adopted,Stray,10/23/2017,Yes,10/27/2017,5,,
111021,Dog,Yasmin,Shih Tzu,10/28/2017,Euthanized,Euthanasia Request,10/28/2017,,,0,,Owner request -1
111020,Dog,Angel,Poodle Toy,10/28/2017,Euthanized,Euthanasia Request,10/28/2017,,,0,,Owner request -1
110618,Dog,Dorian- Rescue Committed,Pit Bull,10/28/2017,Transfer Out,ACO Impound,10/15/2017,Behaviour,10/27/2017,13,,
13666,Dog,Emma,Labrador,10/28/2017,Adopted,Stray,10/14/2017,Yes,09/12/2011,14,,
102729,Dog,Jafar,Large Mix Breed,10/28/2017,Adopted,Returns,09/07/2017,Yes,,51,No time for animal,
110836,Dog,Fern,Pit Bull,10/28/2017,Adopted,Stray,10/22/2017,Yes,10/27/2017,6,,
110534,Dog,Bobo,Chihuahua,10/28/2017,Adopted,Returns,10/27/2017,Behaviour,,1,,
99769,Dog,Gaea,Pit Bull,10/28/2017,Adopted,ACO Impound,08/22/2017,Yes,,67,,
110746,Dog,Ash,Beagle,10/28/2017,Adopted,ACO Impound,10/19/2017,Yes,10/27/2017,9,,
110682,Dog,Luna,Small Terrier Mix,10/29/2017,Adopted,ACO Impound,10/17/2017,Yes,,12,,
111038,Dog,Kimba,Terrier,10/29/2017,Euthanized,Euthanasia Request,10/29/2017,,,0,,Owner request -1
111036,Dog,Roxi,Shih Tzu,10/29/2017,Reclaimed,ACO Impound,10/29/2017,,,0,,
111039,Dog,,Poodle Miniature,10/29/2017,Reclaimed,Stray,10/29/2017,,,0,,
108623,Dog,Tilly,Pit Bull,10/29/2017,Adopted,Returns,10/21/2017,Yes,08/25/2017,8,,
91260,Dog,Gabby,Pit Bull,10/29/2017,Adopted,Returns,10/08/2017,Yes,05/11/2016,21,Destructive tendencies -,
109793,Dog,Chase,Small Mix Breed,10/29/2017,Adopted,ACO Impound,09/21/2017,,09/22/2017,38,,
110376,Dog,Squiggy,Medium Mix Breed,10/29/2017,Adopted,Returns,10/22/2017,Yes,,7,,
110584,Dog,Krueger,Medium Mix Breed,10/29/2017,Adopted,ACO Impound,10/14/2017,Yes,10/23/2017,15,,
108761,Dog,Henry,Medium Mix Breed,10/29/2017,Adopted,ACO Impound,08/23/2017,,09/21/2017,67,,
51662,Dog,Carlos,Dachshund,10/29/2017,Reclaimed,Stray,10/29/2017,,,0,,Owner request -1
109818,Puppy,Balki,Medium Mix Breed,10/29/2017,Adopted,ACO Impound,09/22/2017,,10/06/2017,37,,
110685,Dog,Frankenweenie,Medium Mix Breed,10/29/2017,Adopted,ACO Impound,10/17/2017,Yes,10/23/2017,12,,
51662,Dog,Carlos,Dachshund,10/29/2017,Euthanized,Euthanasia Request,10/29/2017,,,0,Health of the animal -,Owner request -1
111027,Dog,Akela,Alaskan Malamute,10/29/2017,Reclaimed,Stray,10/28/2017,,,1,,
110764,Dog,Cinnamon,Medium Mix Breed,10/29/2017,Adopted,ACO Impound,10/19/2017,Yes,10/25/2017,10,,
110842,Dog,Timmy,Pit Bull,10/29/2017,Transfer Out,Stray,10/22/2017,,,7,,
98287,Dog,Mister,Pit Bull,10/29/2017,Seized Release,ACO Impound,10/29/2017,,,0,,
110642,Dog,Frankenstein,Pit Bull,10/29/2017,Adopted,ACO Impound,10/16/2017,Yes,10/23/2017,13,,
110749,Dog,Darla,Pit Bull,10/29/2017,Transfer Out,ACO Impound,10/19/2017,Yes,,10,,
,,,,,,,,,,,,
110833,Dog,Kyle,Chihuahua,10/29/2017,Transfer Out,Stray,10/21/2017,Yes,,8,,
110776,Dog,Honeycrisp,Terrier,10/29/2017,Adopted,ACO Impound,10/19/2017,Yes,10/25/2017,10,,
110855,Dog,Hazel,Boxer,10/29/2017,Adopted,Stray,10/22/2017,Behaviour,10/27/2017,7,,
111048,Dog,,Chihuahua,10/29/2017,Euthanized,Stray,10/29/2017,,,0,,Untreatable Terminal Illness-
110325,Dog,Aurora,Pit Bull,10/29/2017,Transfer Out,Returns,10/21/2017,Behaviour,,8,,
110792,Dog,Bartleby,Spaniel,10/29/2017,Adopted,ACO Impound,10/20/2017,Yes,10/25/2017,9,,
104902,Dog,Old Man,Large Mix Breed,10/29/2017,Adopted,ACO Impound,10/03/2017,Yes,05/19/2017,26,,
111044,Dog,Boo Boo,Bichon Frise,10/29/2017,Reclaimed,Stray,10/29/2017,,,0,,
110972,Puppy,Kayden,English Bulldog,10/29/2017,Transfer Out,Stray,10/26/2017,,,3,,
111053,Dog,Boss,Pit Bull,10/29/2017,Seized Release,ACO Impound,10/29/2017,,,0,,
111040,Dog,Kali,Pit Bull,10/29/2017,Euthanized,Owner Surrender,10/29/2017,,,0,Biter -- NOT PUPPY,Rabies Testing-8
110920,Dog,,German Shepherd,10/29/2017,Euthanized,ACO Impound,10/24/2017,,,5,,Failure to pass medical
57137,Dog,Toby - Bc,Staffordshire Bull Terrier,10/29/2017,Euthanized,ACO Impound,10/25/2017,,,4,,Aggressive towards people-
98330,Dog,Ace,Pit Bull,10/29/2017,Euthanized,Returns,10/29/2017,Yes,11/21/2016,0,,Rabies Testing-8
111019,Dog,Sky,Pit Bull,10/30/2017,Reclaimed,ACO Impound,10/28/2017,,,2,,
111073,Dog,Benji,Shih Tzu,10/30/2017,Reclaimed,ACO Impound,10/30/2017,,,0,,
111077,Dog,Zarie,Shiba Inu,10/30/2017,Reclaimed,Euthanasia Request,10/30/2017,,,0,,Owner request -1
111083,Dog,Ginger,Akita,10/30/2017,Euthanized,Euthanasia Request,10/30/2017,,,0,,Owner request -1
108630,Dog,Gavin,Great Dane,10/30/2017,Adopted,Returns,10/23/2017,Yes,08/25/2017,7,,
111091,Dog,Molly,Chihuahua,10/30/2017,Reclaimed,Stray,10/30/2017,,,0,,
110767,Dog,Raiden - Rescue Committed,Large Mix Breed,10/30/2017,Transfer Out,ACO Impound,10/19/2017,,,11,,
111104,Dog,King,Pit Bull,10/31/2017,Seized Release,ACO Impound,10/31/2017,,,0,,
111107,Dog,Kane,Cane Corso,10/31/2017,Seized Release,ACO Impound,10/31/2017,,,0,,
110900,Dog,Kellan,Yorkshire Terrier,10/31/2017,Adopted,ACO Impound,10/24/2017,Yes,10/30/2017,7,,
110985,Puppy,Patch aka lucky,Labrador,10/31/2017,Adopted,ACO Impound,10/26/2017,,10/30/2017,5,,
111098,Dog,Brownie,Pit Bull,10/31/2017,Reclaimed,ACO Impound,10/30/2017,,,1,,
110961,Dog,Clarice,Sharpei,10/31/2017,Adopted,ACO Impound,10/25/2017,Yes,10/30/2017,6,,
111078,Dog,Ike,Mastiff,10/31/2017,Reclaimed,ACO Impound,10/30/2017,,,1,,
110974,Puppy,Dreyfus,Pit Bull,10/31/2017,Adopted,ACO Impound,10/26/2017,No,10/30/2017,5,,Aggressive towards
110430,Dog,Bear,Medium Mix Breed,10/31/2017,Seized Release,ACO Impound,10/31/2017,,,0,,
110431,Dog,Zeus,Norwegian Elkhound,10/31/2017,Seized Release,ACO Impound,10/31/2017,,,0,,
111094,Dog,Blizzard,Siberian Husky,10/31/2017,Reclaimed,ACO Impound,10/30/2017,,,1,,
111125,Dog,Sadie,Beagle,10/31/2017,Reclaimed,Euthanasia Request,10/31/2017,,,0,,Owner request -1
110680,Dog,Alpha - Rescue Committed,Siberian Husky,10/31/2017,Transfer Out,Returns,10/21/2017,,,10,,
108635,Dog,Elsa,Large Mix Breed,10/31/2017,Adopted,Returns,10/21/2017,,08/25/2017,10,,
110877,Dog,Kippers,Small Mix Breed,10/31/2017,Adopted,Stray,10/23/2017,Yes,10/30/2017,8,,
111046,Dog,King,"Dachshund, Long-haired",10/31/2017,Reclaimed,ACO Impound,10/29/2017,,,2,,
111012,Dog,Killer,Pekingese,10/31/2017,Reclaimed,Stray,10/28/2017,Yes,,3,,
110548,Dog,Casper,Boxer,10/31/2017,Adopted,ACO Impound,10/13/2017,Yes,10/20/2017,18,,
110964,Puppy,Harvey,Large Mix Breed,10/31/2017,Adopted,ACO Impound,10/26/2017,,10/30/2017,5,,
111105,Dog,Queenie,Pit Bull,10/31/2017,Euthanized,Euthanasia Request,10/31/2017,,,0,,Rabies Testing-8
111143,Dog,Stella,Pit Bull,10/31/2017,Seized Release,ACO Impound,10/31/2017,,,0,,
111122,Dog,Nellie,Boston Terrier,10/31/2017,Euthanized,Euthanasia Request,10/31/2017,,,0,,Owner request -1
111010,Dog,Behave Check,Pit Bull,10/31/2017,Euthanized,ACO Impound,10/28/2017,,,3,,Aggressive towards people-
103807,Dog,Einstein,Boxer,10/31/2017,Seized Release,ACO Impound,10/31/2017,,,0,,
835,,,,,,,,,,,,